"id"	"scientific_name"	"lon"	"lat"
3759312902	"Glyptemys insculpta"	-830896.790642102	-441422.063366995
3759336078	"Glyptemys insculpta"	-316116.063946462	-181529.089589948
3759376843	"Glyptemys insculpta"	-872257.422105426	-462792.287102444
3759451583	"Glyptemys insculpta"	-318908.66218997	-202719.448654324
3759468758	"Glyptemys insculpta"	-875853.314515871	-447900.03818724
3759526959	"Glyptemys insculpta"	-361455.543784683	36287.4205918168
3759672639	"Glyptemys insculpta"	-866077.062812662	-453287.513735083
3759727966	"Glyptemys insculpta"	-868749.798871183	-462536.196954046
3759732801	"Glyptemys insculpta"	-875619.746697764	-451449.07917875
3759997649	"Glyptemys insculpta"	-687087.577349508	-336533.354749465
3760041644	"Glyptemys insculpta"	-871168.263447619	-463575.401107545
3760256658	"Glyptemys insculpta"	-872464.669915302	-462007.327940823
3760304972	"Glyptemys insculpta"	-869925.822134077	-447967.12426616
3760350209	"Glyptemys insculpta"	-878518.707608383	-450059.473287098
3764101228	"Glyptemys insculpta"	-353926.565780836	-57640.301914465
3764206497	"Glyptemys insculpta"	-289697.087187336	-145454.980208482
3764218524	"Glyptemys insculpta"	-1226208.6806017	144571.001789673
3764379116	"Glyptemys insculpta"	-1368672.94343299	130652.113552584
3764473547	"Glyptemys insculpta"	-1228327.8716059	148129.668855584
3764475799	"Glyptemys insculpta"	-747080.425691246	-351847.416395681
3772427568	"Glyptemys insculpta"	-880670.142118243	-460610.971895202
3772606704	"Glyptemys insculpta"	-867967.773349647	-456702.897008423
3773369749	"Glyptemys insculpta"	-889855.187743241	-431143.180381316
3784649723	"Glyptemys insculpta"	-692279.834914378	-279291.035543795
3772677289	"Glyptemys insculpta"	-375991.22788699	54280.7100739966
3772846061	"Glyptemys insculpta"	-485488.209087501	-220925.767003169
3773001696	"Glyptemys insculpta"	-427882.8356591	-163431.735876649
3773049648	"Glyptemys insculpta"	-465798.834431068	-245178.999846433
3773110150	"Glyptemys insculpta"	-874462.33824839	-458145.928482299
3773565878	"Glyptemys insculpta"	-880872.607281724	-450157.56941998
3773567828	"Glyptemys insculpta"	-572666.402160954	-47042.5719283665
3773661289	"Glyptemys insculpta"	-875522.269930065	-429913.167353944
3773758830	"Glyptemys insculpta"	-566251.449889878	-59857.6092483497
3784675507	"Glyptemys insculpta"	-198590.456742849	-36717.5497112249
3784704718	"Glyptemys insculpta"	-870360.360241899	-458644.957967873
3784748704	"Glyptemys insculpta"	-407893.953652692	-264178.923863343
3784758819	"Glyptemys insculpta"	-324662.486640001	-76904.6810583552
3784790697	"Glyptemys insculpta"	-739726.344281554	-339748.968178672
3784795968	"Glyptemys insculpta"	-803581.850236613	-289289.4001102
3784894865	"Glyptemys insculpta"	-874934.119787469	-462460.484488632
3784898649	"Glyptemys insculpta"	-875323.780746029	-466748.876808519
3784975112	"Glyptemys insculpta"	-713569.655975701	-356160.472957288
3785154669	"Glyptemys insculpta"	-923690.787500329	-303669.318818808
3785164339	"Glyptemys insculpta"	-314437.611420254	-25318.4341559944
3802308145	"Glyptemys insculpta"	-20301.4034119557	203166.978846344
3802316001	"Glyptemys insculpta"	-12116.3364399728	201614.126296876
3802363823	"Glyptemys insculpta"	-18973.6100980153	209689.676129714
3802386763	"Glyptemys insculpta"	-770028.470500616	-348679.52386204
3802409166	"Glyptemys insculpta"	-471882.95143151	-227583.841601827
3802462515	"Glyptemys insculpta"	-418741.254941984	-142637.053417083
3802490511	"Glyptemys insculpta"	-522895.86396039	-324629.071841037
3802696178	"Glyptemys insculpta"	-680412.301513899	-274989.417964585
3858333821	"Glyptemys insculpta"	-306168.328948605	-213705.861937421
3858335424	"Glyptemys insculpta"	-294174.129944978	-50917.5407583551
3858394493	"Glyptemys insculpta"	-868712.115434626	-418789.132107869
3858478639	"Glyptemys insculpta"	-1311622.44419747	149075.912325597
3858554504	"Glyptemys insculpta"	-547530.160193699	-319522.433702659
3858587486	"Glyptemys insculpta"	-273501.89041173	-112454.279263763
3858594635	"Glyptemys insculpta"	-854004.210798714	-415471.699379828
3858646046	"Glyptemys insculpta"	-406464.249339514	62557.0164254499
3858706958	"Glyptemys insculpta"	-1226020.93548701	246384.881523227
3858772924	"Glyptemys insculpta"	-1388524.76558787	158329.371026437
3858850041	"Glyptemys insculpta"	-1386403.11822933	200390.086760291
3858870563	"Glyptemys insculpta"	-290037.093033136	-147602.529504544
3859193889	"Glyptemys insculpta"	-709675.85627368	-286151.683953551
3859292980	"Glyptemys insculpta"	-357390.99307589	-182140.045077604
3859390050	"Glyptemys insculpta"	-560881.402143628	-284556.226022684
3859401093	"Glyptemys insculpta"	-650136.992111411	-134576.558861834
3859407755	"Glyptemys insculpta"	-1213630.7161288	251843.29530344
3859423477	"Glyptemys insculpta"	-288744.891567468	-23140.2575124474
3859520748	"Glyptemys insculpta"	-1626416.06908214	530891.972577938
3859538440	"Glyptemys insculpta"	-290729.763900672	-33597.2989722419
3859543734	"Glyptemys insculpta"	-1303021.24338014	141454.061257643
3859744895	"Glyptemys insculpta"	-1229783.64391344	224177.794309127
3859934697	"Glyptemys insculpta"	-1317641.28721666	144905.158148976
3860040625	"Glyptemys insculpta"	-393105.382023385	-110426.079705034
3860089621	"Glyptemys insculpta"	-1316677.11487833	129248.589024091
3860130999	"Glyptemys insculpta"	-1724122.34294802	627390.154432203
3860153736	"Glyptemys insculpta"	-1312075.96424479	131701.285808616
3860207916	"Glyptemys insculpta"	-1219762.35564233	256794.967815678
3860212008	"Glyptemys insculpta"	-1224682.53708238	261250.212590647
3860224989	"Glyptemys insculpta"	-1229514.5298199	248869.540298917
3860240995	"Glyptemys insculpta"	-1216992.32397076	262503.336613819
3860257881	"Glyptemys insculpta"	-1216739.59229614	250035.701748265
3860268932	"Glyptemys insculpta"	-1218089.40014992	253176.970873837
3860276957	"Glyptemys insculpta"	-1215891.69579141	248949.595607228
3860370589	"Glyptemys insculpta"	-753869.559632185	-198307.30219587
3860384152	"Glyptemys insculpta"	-543903.296336683	-225374.206744589
3860389889	"Glyptemys insculpta"	-1213227.64732861	263272.471792701
3860394849	"Glyptemys insculpta"	-595003.842632572	-376119.031996333
3860403765	"Glyptemys insculpta"	-1385486.28086214	216631.867879685
3860458865	"Glyptemys insculpta"	-1223324.56964614	244327.949853547
3860476985	"Glyptemys insculpta"	-1224898.20618241	258742.369160811
3860512725	"Glyptemys insculpta"	-1309631.15766453	133929.368702188
3860527959	"Glyptemys insculpta"	-1224182.74354717	258573.604900513
3860653158	"Glyptemys insculpta"	-319104.1410386	41061.2688650752
3860693586	"Glyptemys insculpta"	-867628.182852723	-457597.822683692
3873502052	"Glyptemys insculpta"	-557231.095852183	-308128.693029686
3858334174	"Glyptemys insculpta"	-317735.848372523	-236456.348408917
3858354067	"Glyptemys insculpta"	-646289.05653346	-156652.357535094
3858364148	"Glyptemys insculpta"	-868829.225395251	-147299.414256154
3858389030	"Glyptemys insculpta"	-1413751.48124288	222792.4387172
3858427688	"Glyptemys insculpta"	-165221.557604865	-28243.5871565673
3858456971	"Glyptemys insculpta"	-1241009.89399301	214921.307584011
3858484333	"Glyptemys insculpta"	-402937.409012083	-172230.009147699
3858524453	"Glyptemys insculpta"	-306498.376718408	-20154.1437602287
3858535829	"Glyptemys insculpta"	-294065.332929673	-208924.954211989
3858542018	"Glyptemys insculpta"	-1225567.62500596	139525.183135564
3858609724	"Glyptemys insculpta"	-778652.570660728	-245479.577674506
3858624796	"Glyptemys insculpta"	-354950.538925694	-148108.132551256
3858655155	"Glyptemys insculpta"	-383591.300590821	-74773.8274450575
3858665210	"Glyptemys insculpta"	-1242402.018424	274655.206059043
3858668598	"Glyptemys insculpta"	-176394.707726741	-73313.9204684686
3858696556	"Glyptemys insculpta"	-844947.96287649	-424543.039030166
3858698882	"Glyptemys insculpta"	-12243.372092857	167908.171337989
3858721966	"Glyptemys insculpta"	-1750158.12662065	455098.645347123
3858722836	"Glyptemys insculpta"	-218473.841029386	-59528.7261584354
3858724804	"Glyptemys insculpta"	-578135.590715914	-222979.261543658
3858734284	"Glyptemys insculpta"	-867905.202052	-454070.309741635
3858764203	"Glyptemys insculpta"	-1407583.06815073	172205.603115334
3858764222	"Glyptemys insculpta"	-828114.032606865	-430043.376936283
3858771726	"Glyptemys insculpta"	-656410.147234026	-139264.656755325
3858820654	"Glyptemys insculpta"	-198555.505200654	68116.3445266886
3858824243	"Glyptemys insculpta"	-307049.180423125	-163273.781771905
3858841653	"Glyptemys insculpta"	-663572.862524005	-132335.086712373
3858945117	"Glyptemys insculpta"	-297733.054878158	-35863.0972897191
3858950543	"Glyptemys insculpta"	-927532.984306358	-264986.807231121
3858958168	"Glyptemys insculpta"	-873358.711684586	-461054.232808406
3859089737	"Glyptemys insculpta"	-318546.563344173	-227317.716225018
3859177001	"Glyptemys insculpta"	-1754375.2017305	436073.932293943
3859181609	"Glyptemys insculpta"	-870765.912853137	-465993.509753091
3859222668	"Glyptemys insculpta"	-610060.304965314	-291159.834667014
3859244514	"Glyptemys insculpta"	-751630.117816085	-237627.623291543
3859318685	"Glyptemys insculpta"	-920305.433724088	-253189.433339315
3859395284	"Glyptemys insculpta"	-295004.299278508	-175055.051835063
3859398660	"Glyptemys insculpta"	-483082.634158636	-279258.20098625
3859518782	"Glyptemys insculpta"	-923535.73953864	-529677.837371692
3859534558	"Glyptemys insculpta"	-1247847.83547511	284646.783853212
3859548165	"Glyptemys insculpta"	-814010.729570838	-228179.374669522
3859555473	"Glyptemys insculpta"	-1278489.03718334	135166.140342616
3859567290	"Glyptemys insculpta"	-1409265.82247081	170317.758800881
3859572368	"Glyptemys insculpta"	-744948.895488395	-188001.394855731
3859584540	"Glyptemys insculpta"	-1226865.86897927	137693.974208053
3859596718	"Glyptemys insculpta"	-1311599.72068718	143698.699024723
3859625067	"Glyptemys insculpta"	-1419257.70783647	121133.491350481
3859644429	"Glyptemys insculpta"	-740977.539700385	-372508.185581395
3859648820	"Glyptemys insculpta"	-487822.437393565	-240872.087256603
3859661620	"Glyptemys insculpta"	-940805.053505481	-314259.21697621
3859667068	"Glyptemys insculpta"	-810631.511571525	-215103.710140444
3859720589	"Glyptemys insculpta"	-663525.183569598	-130249.447149421
3859788158	"Glyptemys insculpta"	-822345.682529746	-339791.217924526
3859819787	"Glyptemys insculpta"	-318121.469811205	-203968.897115085
3859861910	"Glyptemys insculpta"	-454731.205027645	-221285.714302454
3859990970	"Glyptemys insculpta"	-265143.016215928	-97851.3826738188
3860128710	"Glyptemys insculpta"	-455940.663421246	-248852.460442369
3860134664	"Glyptemys insculpta"	-1358100.10676862	160571.67029722
3860156365	"Glyptemys insculpta"	-486721.442059572	-293442.774266626
3860224990	"Glyptemys insculpta"	-1221242.7595335	244715.662488683
3860249107	"Glyptemys insculpta"	-163980.837362628	129417.140578108
3860277185	"Glyptemys insculpta"	-864692.249574727	-385468.786043352
3860280701	"Glyptemys insculpta"	-867353.760550076	-463044.997768542
3860286066	"Glyptemys insculpta"	-742459.235730077	-344981.862234397
3860290043	"Glyptemys insculpta"	-619679.8912277	-303144.06639398
3860291694	"Glyptemys insculpta"	-812112.623245707	-250973.846476268
3860308924	"Glyptemys insculpta"	-1369050.02098412	118263.810269697
3860317706	"Glyptemys insculpta"	-896869.569527511	-492399.788544617
3860332613	"Glyptemys insculpta"	-665661.273181934	-129270.659348001
3860369231	"Glyptemys insculpta"	-617165.24290843	-374336.396163691
3860378018	"Glyptemys insculpta"	-551282.525703584	-324662.138459253
3860430223	"Glyptemys insculpta"	-1370844.4499283	203266.903684796
3860452668	"Glyptemys insculpta"	-883728.195468477	-464559.041523911
3860460184	"Glyptemys insculpta"	-807415.268902443	-413399.235824523
3860469318	"Glyptemys insculpta"	-832679.102914611	-325610.659710372
3860474563	"Glyptemys insculpta"	-527060.839127886	-120995.020594631
3860490999	"Glyptemys insculpta"	-623745.697959216	-406486.839282858
3860496295	"Glyptemys insculpta"	-821418.614393973	-192608.12609815
3860543931	"Glyptemys insculpta"	-350848.653556354	-144915.755787409
3860590230	"Glyptemys insculpta"	-1753876.37825182	681846.95652771
3860591612	"Glyptemys insculpta"	-1415269.83763984	155536.905664883
3860639924	"Glyptemys insculpta"	-1295659.25152259	109367.913694122
3860707897	"Glyptemys insculpta"	-373058.749485474	-224527.137986562
3860811441	"Glyptemys insculpta"	-843908.909999902	-412355.296924223
3873280459	"Glyptemys insculpta"	-1358851.87106443	126678.185236821
3873527722	"Glyptemys insculpta"	-826483.984709425	-467016.194167435
3881563415	"Glyptemys insculpta"	-324605.803350216	-111695.64135171
3881825939	"Glyptemys insculpta"	-1685402.26337911	514133.212981514
3858828272	"Glyptemys insculpta"	-791462.798530044	-291307.989833188
3858848158	"Glyptemys insculpta"	-799569.39270722	-282699.051135079
3858987158	"Glyptemys insculpta"	-742281.345091243	-245206.724240005
3859597935	"Glyptemys insculpta"	-71053.289667934	317537.636520165
3860353933	"Glyptemys insculpta"	-77657.1795516818	331835.392684475
3860748598	"Glyptemys insculpta"	-957428.95774051	-268897.151697236
3873231033	"Glyptemys insculpta"	-871299.115474277	-460813.906193708
3873277180	"Glyptemys insculpta"	-563307.254030314	-178609.119503017
3873386607	"Glyptemys insculpta"	-1388878.18068438	111304.402734143
3873394339	"Glyptemys insculpta"	-737034.420151625	-281157.483905155
3873483074	"Glyptemys insculpta"	-296222.578993656	7198.43954112799
3873494607	"Glyptemys insculpta"	-629960.818767189	-323267.124088808
3873532875	"Glyptemys insculpta"	-501089.208538601	-233968.158889383
3873579431	"Glyptemys insculpta"	-958422.409542909	-268160.272304342
3873581917	"Glyptemys insculpta"	-647242.679138409	-299976.209361508
3873632083	"Glyptemys insculpta"	-864087.88838041	-403947.904949313
3873656641	"Glyptemys insculpta"	-868243.225293938	-419210.73679006
3873671649	"Glyptemys insculpta"	-782891.732075613	-366548.327933668
3873674463	"Glyptemys insculpta"	-338984.663892822	-55702.9130024643
3873683177	"Glyptemys insculpta"	-771383.713063381	-283682.163514297
3873757307	"Glyptemys insculpta"	-1388219.53600809	212221.41546067
3873778314	"Glyptemys insculpta"	-1621585.21275038	493380.321843261
3873781420	"Glyptemys insculpta"	-544467.303777434	-317085.656892347
3873896378	"Glyptemys insculpta"	-30185.055051713	293483.550028144
3873916942	"Glyptemys insculpta"	-470845.211343954	-214939.709322679
3873943578	"Glyptemys insculpta"	-580411.709093147	-44816.4826838693
3873968345	"Glyptemys insculpta"	-20691.3479646773	202024.382734026
3873981138	"Glyptemys insculpta"	-257095.87294392	-97886.6995694766
3873999633	"Glyptemys insculpta"	-884319.509535986	-431622.856928171
3874120419	"Glyptemys insculpta"	-653620.250772965	-348143.859426743
3881821946	"Glyptemys insculpta"	-279748.445820686	-43705.5768643672
3889063911	"Glyptemys insculpta"	-520668.816856376	-19662.8000452507
3892326095	"Glyptemys insculpta"	-1743830.87622687	557695.022047876
3892603173	"Glyptemys insculpta"	-1343379.21099783	152604.566817754
3881903762	"Glyptemys insculpta"	-1177753.3292369	253864.987568801
3888724789	"Glyptemys insculpta"	-1377402.68303349	194427.410848721
3888875927	"Glyptemys insculpta"	-544843.451806413	-324723.460683836
3888955742	"Glyptemys insculpta"	-334523.422210495	-87475.5828975039
3888971916	"Glyptemys insculpta"	-1210966.34198958	258351.332907019
3889007620	"Glyptemys insculpta"	-1218616.97809941	247345.066752019
3889129599	"Glyptemys insculpta"	-1224985.72250215	276170.358490739
3889143911	"Glyptemys insculpta"	-489005.9261463	-219794.503965244
3889217554	"Glyptemys insculpta"	-1401235.30697387	149312.012895687
3889232542	"Glyptemys insculpta"	-323690.936745475	-219085.828123293
3892655660	"Glyptemys insculpta"	-471892.476236578	-157712.058000584
3892703302	"Glyptemys insculpta"	-312886.464752875	-53690.1844754988
3070384898	"Glyptemys insculpta"	-102683.943347552	16731.6768395373
3070456504	"Glyptemys insculpta"	-96378.7156033369	22505.7681200963
3109333443	"Glyptemys insculpta"	-797049.414633381	-311368.233418395
3079587052	"Glyptemys insculpta"	-1243965.68948947	271292.899173006
3079626622	"Glyptemys insculpta"	-343041.426731536	-257907.748253043
3079787054	"Glyptemys insculpta"	-796299.822712773	-331580.013276303
3090612177	"Glyptemys insculpta"	-1313871.64825008	149659.125970512
3090652729	"Glyptemys insculpta"	-1312299.76069749	141983.399274234
3090678539	"Glyptemys insculpta"	-1204855.40541697	257293.729316701
3090764059	"Glyptemys insculpta"	-367038.336312677	-177164.087978066
3090788277	"Glyptemys insculpta"	-603386.233034361	-365171.316833049
3090927744	"Glyptemys insculpta"	-305624.050287339	-16659.8418276408
3097012234	"Glyptemys insculpta"	-866174.92317593	-469474.335862796
3097307985	"Glyptemys insculpta"	-882172.161173073	-476688.933802535
3097400606	"Glyptemys insculpta"	-888547.422207745	-334510.822492641
3109033719	"Glyptemys insculpta"	-697239.063363712	-280637.388500086
3109118457	"Glyptemys insculpta"	-254995.486567042	-166205.297273331
3109282841	"Glyptemys insculpta"	-780848.53623586	-378021.521502276
3109283578	"Glyptemys insculpta"	-639865.694093093	-185011.807221773
3109283835	"Glyptemys insculpta"	-946187.686402374	-210916.11819095
3109391400	"Glyptemys insculpta"	-861675.949522086	-212252.812683616
3113309464	"Glyptemys insculpta"	-868561.159331151	-451557.27878257
3113333454	"Glyptemys insculpta"	-872692.001311164	-459336.940540166
3113395892	"Glyptemys insculpta"	-973937.761421522	-279240.401405044
3307120565	"Glyptemys insculpta"	-873530.864293266	-451459.662166196
3307407569	"Glyptemys insculpta"	-871026.143737326	-455059.915007505
3321063842	"Glyptemys insculpta"	-571291.432595745	-356248.741338906
3112406762	"Glyptemys insculpta"	-619088.59068651	-249658.229765724
3112510414	"Glyptemys insculpta"	-878850.961360985	-423170.232603665
3112792470	"Glyptemys insculpta"	-805397.512598674	-311351.803917706
3112921874	"Glyptemys insculpta"	-1350264.56669786	241953.125394479
3112961818	"Glyptemys insculpta"	-883932.30854868	-426597.628623471
3113271731	"Glyptemys insculpta"	-412843.890404315	-152595.776948845
3113300635	"Glyptemys insculpta"	-345285.595924099	44561.5245698227
3113329557	"Glyptemys insculpta"	-859453.724719409	-471211.634654113
3113443725	"Glyptemys insculpta"	-619838.69072446	-310403.379840927
3113469498	"Glyptemys insculpta"	-323148.387565905	-64319.0433619984
3113509867	"Glyptemys insculpta"	-881851.387343563	-480091.156812335
3113705786	"Glyptemys insculpta"	-1721418.97682183	651662.866111678
3117766604	"Glyptemys insculpta"	-1541184.45630798	281968.912826654
3117826277	"Glyptemys insculpta"	-812013.076331548	-467272.914537927
3117828155	"Glyptemys insculpta"	-1321046.52407634	88319.8608706549
3117839670	"Glyptemys insculpta"	-1307170.20518613	107062.991057742
3118187680	"Glyptemys insculpta"	-666148.752547276	-126525.050685951
3118205434	"Glyptemys insculpta"	-398218.693059831	70432.7106613293
3118230112	"Glyptemys insculpta"	-299468.856505531	-108889.652507994
3118326197	"Glyptemys insculpta"	-921526.385150233	-348503.084083717
3118408587	"Glyptemys insculpta"	-336553.880090015	-111472.84002989
3118446424	"Glyptemys insculpta"	-592097.582263613	-308696.07666131
3118481490	"Glyptemys insculpta"	-552285.678332469	-306394.419923398
3118497749	"Glyptemys insculpta"	-391662.425600819	62159.4947416642
3124533698	"Glyptemys insculpta"	-790236.274357527	-381316.997859743
3124536800	"Glyptemys insculpta"	-1783155.82741195	506988.383205858
3124605526	"Glyptemys insculpta"	-867471.781268925	-461721.39833215
3124632878	"Glyptemys insculpta"	-525484.657825832	72295.9058178779
3124633126	"Glyptemys insculpta"	-428231.546599185	-283608.354043218
3124634219	"Glyptemys insculpta"	-529258.600850461	78645.8531628113
3124636972	"Glyptemys insculpta"	-825061.330324943	-488765.81406506
3124693948	"Glyptemys insculpta"	-526643.480469912	-289336.43150802
3124699680	"Glyptemys insculpta"	-802814.476040281	-359253.179554077
3124720049	"Glyptemys insculpta"	-276875.937200077	-204293.296469047
3124746334	"Glyptemys insculpta"	-857973.46497735	-403104.51131069
3124779683	"Glyptemys insculpta"	-472871.230247112	-169792.762582945
3124792093	"Glyptemys insculpta"	-288536.393302365	-116672.561855929
3124852066	"Glyptemys insculpta"	-14925.9094984967	143775.975492878
3124854424	"Glyptemys insculpta"	-733828.545677482	-340781.527164557
3124925068	"Glyptemys insculpta"	-875853.701041439	-469882.311546509
3301996158	"Glyptemys insculpta"	-880717.948843898	-455966.974847442
3302068882	"Glyptemys insculpta"	-1384589.18496389	207308.651047352
3302199174	"Glyptemys insculpta"	-297580.780717114	-137936.012070936
3302371069	"Glyptemys insculpta"	-511923.703467615	-302038.293784153
3307189416	"Glyptemys insculpta"	-1931806.79635447	387005.715227599
3355527479	"Glyptemys insculpta"	-314068.540089647	-226688.796944214
3384072322	"Glyptemys insculpta"	-483483.480487028	-275790.650864113
3384260015	"Glyptemys insculpta"	-754177.633783758	-381620.815046411
3456833491	"Glyptemys insculpta"	-798080.187709916	-303228.665253658
3468948613	"Glyptemys insculpta"	-613271.346447515	-319724.149143232
3873120561	"Glyptemys insculpta"	-598694.740058682	-353524.390153883
3301849969	"Glyptemys insculpta"	-289932.461400092	-11302.5244951958
3301943335	"Glyptemys insculpta"	-886977.848315566	-427516.484389112
3301947316	"Glyptemys insculpta"	-895213.746791647	-479627.095347123
3301998842	"Glyptemys insculpta"	-1190026.47484934	175879.752706238
3302012143	"Glyptemys insculpta"	-829823.93752308	-321212.75236768
3302071604	"Glyptemys insculpta"	-296188.80084695	-33773.6571741822
3302112566	"Glyptemys insculpta"	-312949.693227231	-219639.454562609
3302131500	"Glyptemys insculpta"	-315351.813106823	-193795.422661858
3302183939	"Glyptemys insculpta"	-335613.289410298	-91950.149503831
3302207973	"Glyptemys insculpta"	-531651.460606123	-326795.804321367
3302315236	"Glyptemys insculpta"	-587563.27097713	-330365.587291477
3302317555	"Glyptemys insculpta"	-1364854.74977209	175923.687947346
3302414076	"Glyptemys insculpta"	-1237541.61537635	281236.19227068
3302439364	"Glyptemys insculpta"	-263785.538766476	46445.1578097595
3302456747	"Glyptemys insculpta"	-806017.851221843	-361137.172522487
3302487224	"Glyptemys insculpta"	-781734.561996056	-192710.776142269
3302537779	"Glyptemys insculpta"	-753502.140531296	-395402.789473665
3307134759	"Glyptemys insculpta"	-840481.481965907	-350752.72088229
3307149965	"Glyptemys insculpta"	-563500.907820107	-293285.681733597
3307170606	"Glyptemys insculpta"	-675430.035026399	-309958.081212317
3307178198	"Glyptemys insculpta"	-332860.900051808	-165639.408149977
3307191839	"Glyptemys insculpta"	-1321831.29039453	180316.434226527
3307205624	"Glyptemys insculpta"	-520058.264132912	-120094.672057026
3307325709	"Glyptemys insculpta"	-897575.453104509	-196828.298259803
3307424775	"Glyptemys insculpta"	-310896.70448257	-234962.587275725
3307442676	"Glyptemys insculpta"	-682835.993225226	-355833.250478264
3307490117	"Glyptemys insculpta"	-1764410.05362943	497917.24379129
3314179863	"Glyptemys insculpta"	-1191930.80520156	189918.71811069
3314203865	"Glyptemys insculpta"	-463029.532687056	-240937.4850779
3314204827	"Glyptemys insculpta"	-352387.67686634	-73236.6605911894
3314213108	"Glyptemys insculpta"	-457317.173267341	-189078.540607931
3314221174	"Glyptemys insculpta"	-528346.595695205	-117951.6571851
3314225718	"Glyptemys insculpta"	-837872.639097806	-386226.943136811
3314231975	"Glyptemys insculpta"	-330202.008495798	-107116.237438265
3314236766	"Glyptemys insculpta"	-545467.946330841	94311.0008972376
3314287558	"Glyptemys insculpta"	-315300.541826492	-165722.795325697
3314293903	"Glyptemys insculpta"	-470805.203865885	-236371.574170831
3314308770	"Glyptemys insculpta"	-914217.7936176	-337956.630099998
3314463865	"Glyptemys insculpta"	-438683.683582338	-286816.042256468
3314597475	"Glyptemys insculpta"	-314325.801012694	-5577.52384867027
3320863108	"Glyptemys insculpta"	-573058.888488353	-206396.509946203
3320946979	"Glyptemys insculpta"	-345677.335559935	-118162.268894342
3321083053	"Glyptemys insculpta"	-489537.825653373	-235043.407402573
3321127783	"Glyptemys insculpta"	-599081.617702674	-380185.930590522
3321206928	"Glyptemys insculpta"	-324836.550264854	-76471.9791885015
3321208705	"Glyptemys insculpta"	-985351.25103061	-288213.586441101
3321249307	"Glyptemys insculpta"	-844076.607828749	-348294.271342639
3321249419	"Glyptemys insculpta"	-1385929.65208847	102538.679122127
3325579568	"Glyptemys insculpta"	-772391.87396448	-491681.019724791
3325675616	"Glyptemys insculpta"	-712753.091943337	-279486.089033411
3325682626	"Glyptemys insculpta"	-716599.798232308	-279940.169545737
3325704625	"Glyptemys insculpta"	-709884.284896862	-271733.444699247
3325716637	"Glyptemys insculpta"	-449453.312737518	-290945.998908916
3327853528	"Glyptemys insculpta"	-872267.917858929	-452989.029705894
3333300274	"Glyptemys insculpta"	-849930.817023575	-424702.213600209
3338138109	"Glyptemys insculpta"	-674227.621731669	-202677.584989243
3344036110	"Glyptemys insculpta"	-559800.25219019	-269887.999335903
3355630494	"Glyptemys insculpta"	-537211.217221321	97578.3032883807
3384776604	"Glyptemys insculpta"	-1392532.63210969	221522.247238269
3399309314	"Glyptemys insculpta"	-532469.703826256	93413.1698675842
3415385656	"Glyptemys insculpta"	-875520.38446791	-452039.107922733
3456686724	"Glyptemys insculpta"	-462679.593950407	-177333.887726782
3784988530	"Glyptemys insculpta"	-582841.35194262	-310363.371486492
3325494935	"Glyptemys insculpta"	-872253.70276944	-403956.262093699
3325501639	"Glyptemys insculpta"	-1507306.21432697	362656.617254326
3325526905	"Glyptemys insculpta"	-1628679.23725636	267272.887607468
3325576276	"Glyptemys insculpta"	-940353.389113121	-262114.938847005
3325788146	"Glyptemys insculpta"	-238247.469192952	-95332.7725385606
3325904336	"Glyptemys insculpta"	-409581.602070321	-251235.877841671
3327721844	"Glyptemys insculpta"	-890725.891280629	-493616.808606306
3327854429	"Glyptemys insculpta"	-245891.497765377	-98220.2343202046
3327924008	"Glyptemys insculpta"	-871853.946004064	-453698.424619145
3327992700	"Glyptemys insculpta"	-831104.357565573	-428493.354570489
3327993741	"Glyptemys insculpta"	-555054.651717147	-249525.866346885
3328135333	"Glyptemys insculpta"	-518235.475597233	-407554.84975998
3330415051	"Glyptemys insculpta"	-68616.8551390881	228615.17402765
3330514787	"Glyptemys insculpta"	-281552.091836486	-109332.586337542
3330755289	"Glyptemys insculpta"	-309613.68111023	-16639.2078679796
3333132049	"Glyptemys insculpta"	-432543.429673978	-82820.7611455169
3333154528	"Glyptemys insculpta"	-885804.447692882	-446967.515171418
3333284179	"Glyptemys insculpta"	-488650.673835179	-207131.451691903
3335380863	"Glyptemys insculpta"	-1363295.64527281	230918.650058312
3343862490	"Glyptemys insculpta"	-408609.974019217	-265651.389128745
3383871810	"Glyptemys insculpta"	-945699.739565449	-322340.365527674
3384194809	"Glyptemys insculpta"	-860589.419749366	-423335.566194488
3456191893	"Glyptemys insculpta"	-863492.388937899	-427230.20119317
3335157065	"Glyptemys insculpta"	-1240673.28746147	278312.686630408
3335493461	"Glyptemys insculpta"	-294472.967909835	16995.6026839241
3337418247	"Glyptemys insculpta"	-872279.495542716	-479818.393189497
3337495161	"Glyptemys insculpta"	-981308.093458638	-236121.849086202
3337567017	"Glyptemys insculpta"	-1237823.29660411	290000.367965483
3337789555	"Glyptemys insculpta"	-1228639.98003239	282799.814597985
3337927421	"Glyptemys insculpta"	-325534.468815863	92684.1290599556
3338037459	"Glyptemys insculpta"	-67976.2237002092	121913.778863365
3343720755	"Glyptemys insculpta"	-305649.491118841	-32329.2384240057
3343895596	"Glyptemys insculpta"	-1461001.39049407	360621.48807812
3343973746	"Glyptemys insculpta"	-535520.927902464	-291394.575143143
3344002129	"Glyptemys insculpta"	-329746.769059225	-91512.4439334425
3355360923	"Glyptemys insculpta"	-530543.45823674	-267649.453179387
3355415012	"Glyptemys insculpta"	-978474.369058585	-250116.510105416
3355586936	"Glyptemys insculpta"	-353212.007067291	-90921.720332167
3384424017	"Glyptemys insculpta"	-768118.173794278	-353381.847358159
3384740872	"Glyptemys insculpta"	-294942.116415891	-7308.61325763341
3384748668	"Glyptemys insculpta"	-1724494.02952329	567400.516541563
3384776420	"Glyptemys insculpta"	-988008.079252003	-263172.623634681
3384990501	"Glyptemys insculpta"	-876217.569625178	-175750.425172707
3385194464	"Glyptemys insculpta"	-278001.347621128	-49225.6734502235
3399138772	"Glyptemys insculpta"	-1407600.07143318	199846.709393859
3455865755	"Glyptemys insculpta"	-502800.925155805	30993.9573706053
3456139433	"Glyptemys insculpta"	-248138.658364709	-78442.6075606016
3747317052	"Glyptemys insculpta"	-345618.319758384	-115808.939592326
3385149173	"Glyptemys insculpta"	-726313.696659876	-277175.158087871
3391331247	"Glyptemys insculpta"	-792877.35125907	-461384.105818662
3398760072	"Glyptemys insculpta"	-810047.979527282	-214553.315173927
3456611516	"Glyptemys insculpta"	-586800.287179413	-41887.6640286648
2557743965	"Glyptemys insculpta"	-778501.177325373	-448671.775975599
2596399915	"Glyptemys insculpta"	-957720.250173773	-273285.319448133
2597702313	"Glyptemys insculpta"	-855392.673368528	-406809.99326462
2597686380	"Glyptemys insculpta"	-782255.284448538	-284684.003627449
2597853671	"Glyptemys insculpta"	-804831.320101002	-408617.397198757
2597889655	"Glyptemys insculpta"	-536613.487719659	-290876.588461154
2603400148	"Glyptemys insculpta"	-257270.977232413	3700.3450059301
2603421927	"Glyptemys insculpta"	-470919.19667616	-241032.724744236
2609154700	"Glyptemys insculpta"	-777689.635886311	-487921.85657781
2609352877	"Glyptemys insculpta"	-779178.718928964	-481603.300351915
2619869548	"Glyptemys insculpta"	-726421.440058549	-385778.888605436
3058699433	"Glyptemys insculpta"	-94226.2174320917	19931.3464470393
2619895885	"Glyptemys insculpta"	-805488.549832628	-202047.255089854
2619900876	"Glyptemys insculpta"	-622849.11124706	-215429.475295639
2619931065	"Glyptemys insculpta"	-330514.556751465	-4177.85315411401
2620026613	"Glyptemys insculpta"	-338452.772056138	-284343.337315668
2620072660	"Glyptemys insculpta"	-1270606.29917943	127089.406176131
2620171876	"Glyptemys insculpta"	-376017.789588461	-63803.3292477363
2620185140	"Glyptemys insculpta"	-841158.89623348	-316472.170448374
2626184069	"Glyptemys insculpta"	-512817.105491241	-263487.526641176
2626287523	"Glyptemys insculpta"	-253204.395670364	4782.40487138354
2626305524	"Glyptemys insculpta"	-330231.213379236	-66520.0006609223
2626336422	"Glyptemys insculpta"	-531527.029566565	-318871.433088518
2626468979	"Glyptemys insculpta"	-476232.574075506	-230106.584408949
2626516524	"Glyptemys insculpta"	-310612.961229436	-214828.785198171
2626576442	"Glyptemys insculpta"	-303213.075854625	40608.1132604232
2634016767	"Glyptemys insculpta"	-619557.861251797	-327723.84644455
2634042808	"Glyptemys insculpta"	-169327.583119017	47356.0487562436
2634068159	"Glyptemys insculpta"	-661324.663710803	-133182.408498016
2634152650	"Glyptemys insculpta"	-512554.353266579	-261824.16828699
2634283711	"Glyptemys insculpta"	-182009.721302766	68255.9077743052
2634286909	"Glyptemys insculpta"	-310060.121691114	-17669.030383363
2634299685	"Glyptemys insculpta"	-903021.47348908	-329871.746224997
2634315691	"Glyptemys insculpta"	-510357.178696142	-256250.463810048
2634357237	"Glyptemys insculpta"	-741199.482585241	-319551.412853127
2634374946	"Glyptemys insculpta"	-776520.342651354	-494729.972688681
2634399942	"Glyptemys insculpta"	-602495.230632134	-310806.059997856
2634416409	"Glyptemys insculpta"	-169332.949492625	-38558.1855571962
2634449509	"Glyptemys insculpta"	-740891.532562088	-308629.545678478
2634498739	"Glyptemys insculpta"	-754299.225353832	-236679.454892421
2634568044	"Glyptemys insculpta"	-694942.055998632	-382913.516750862
2634571082	"Glyptemys insculpta"	-1384402.36660849	158314.173334863
2634609580	"Glyptemys insculpta"	-397191.266825651	-270621.387581785
2813893571	"Glyptemys insculpta"	-1717376.33288074	654511.468118334
2818739429	"Glyptemys insculpta"	-553060.182550888	-299781.191469203
3008466117	"Glyptemys insculpta"	-875290.307449705	-413689.502609886
3355235703	"Glyptemys insculpta"	-336457.698012714	-89731.447297125
3466244114	"Glyptemys insculpta"	-758389.091828333	-217365.228824
2634102006	"Glyptemys insculpta"	-552808.437023851	-347137.773153189
2634116144	"Glyptemys insculpta"	-914878.593647405	-335202.347110682
2634183311	"Glyptemys insculpta"	-318071.095928939	36623.966419245
2634442169	"Glyptemys insculpta"	-772403.132206922	-285661.843927356
2634443378	"Glyptemys insculpta"	-779460.260749885	-303946.234267127
2634608981	"Glyptemys insculpta"	-418630.59416039	-277100.732878059
2641395377	"Glyptemys insculpta"	-506777.936888702	-258229.22465235
2641408933	"Glyptemys insculpta"	-726793.884402873	-397215.619791262
2641420814	"Glyptemys insculpta"	-279582.306071585	-200582.338086807
2641435610	"Glyptemys insculpta"	-584566.446902616	-292838.623536752
2641451738	"Glyptemys insculpta"	-307154.487206822	-201555.197803915
2641500012	"Glyptemys insculpta"	-527442.754561539	-269573.928857026
2641549712	"Glyptemys insculpta"	-778896.325403091	-314186.323380825
2641553407	"Glyptemys insculpta"	-1361371.33973179	239421.174289494
2641565744	"Glyptemys insculpta"	-278165.414152325	39199.2224654644
2641573546	"Glyptemys insculpta"	-780988.184268945	-397419.540184435
2641576778	"Glyptemys insculpta"	-302762.69665766	-143190.063563805
2641591492	"Glyptemys insculpta"	-326089.128078271	-243137.274023642
2641598700	"Glyptemys insculpta"	-686280.123535682	-376454.411769952
2802538013	"Glyptemys insculpta"	-1664154.68467487	450777.859562277
2802565144	"Glyptemys insculpta"	-908053.910898318	-343799.016824439
2802580793	"Glyptemys insculpta"	-520290.147251393	-265755.457645422
2802590114	"Glyptemys insculpta"	-1558155.71325847	523349.521992836
2802646608	"Glyptemys insculpta"	-294288.729570592	-18810.4941546609
2802664159	"Glyptemys insculpta"	-447782.524648106	-177441.227046489
2802675298	"Glyptemys insculpta"	-1772420.80364757	373479.997595237
2802706658	"Glyptemys insculpta"	-342262.76946318	-251927.211448125
2802738995	"Glyptemys insculpta"	-482684.142202435	-179642.480424033
2802809795	"Glyptemys insculpta"	-622079.09871744	-342437.703259486
2802850796	"Glyptemys insculpta"	-623163.675764337	-300533.885277804
2802940980	"Glyptemys insculpta"	-1544822.94291047	508514.104925865
2802948950	"Glyptemys insculpta"	-283306.315567326	-132432.977822449
2802954094	"Glyptemys insculpta"	-161678.732258415	-40756.9374504685
2802998012	"Glyptemys insculpta"	-340754.243882473	-147673.708409724
2802998098	"Glyptemys insculpta"	-320555.848163667	19795.4173401614
2802998572	"Glyptemys insculpta"	-741428.214556183	-260256.534986672
2803004152	"Glyptemys insculpta"	-395812.881662764	-160536.173895193
2803022014	"Glyptemys insculpta"	-880989.859634759	-321002.12292227
2803031703	"Glyptemys insculpta"	-862361.232280834	-418470.800900327
2803051989	"Glyptemys insculpta"	-1258397.98546528	296031.129830081
2803064907	"Glyptemys insculpta"	-605856.914331104	-367350.29372475
2803088221	"Glyptemys insculpta"	-302780.962427616	-28582.858934101
2803091455	"Glyptemys insculpta"	-325781.562408297	66246.2960112594
2803107250	"Glyptemys insculpta"	-262197.670823732	-189929.779746066
2803111470	"Glyptemys insculpta"	-1242730.26387712	308742.540915485
2803171511	"Glyptemys insculpta"	-576797.249559674	-307212.230162982
2813874763	"Glyptemys insculpta"	-661028.007194732	-296268.792146593
2814018088	"Glyptemys insculpta"	-874799.884905153	-484106.114392774
2814073087	"Glyptemys insculpta"	-1701230.90293481	574409.04092717
2814185053	"Glyptemys insculpta"	-759485.464652263	-305715.4129999
2814430429	"Glyptemys insculpta"	-872553.94011606	-411403.432136878
2823071457	"Glyptemys insculpta"	-830935.526093686	-438342.15692591
2823404673	"Glyptemys insculpta"	-328724.433056529	-249562.353578327
2826428260	"Glyptemys insculpta"	-872977.492683171	-373728.924549707
2850664068	"Glyptemys insculpta"	-457595.022225334	-265083.834300322
2851028319	"Glyptemys insculpta"	-348478.555989324	-99967.6600097627
2856800339	"Glyptemys insculpta"	-541642.50243787	-278005.582874212
2860189386	"Glyptemys insculpta"	-824386.807868326	-333416.858344098
2862571503	"Glyptemys insculpta"	-881296.307068827	-377142.543368563
2864877847	"Glyptemys insculpta"	-625226.769575604	-321546.473645019
2883111532	"Glyptemys insculpta"	-1956349.04484102	365390.124759328
2999074639	"Glyptemys insculpta"	-464940.359178568	-232341.929140356
3017953424	"Glyptemys insculpta"	-285583.102056364	-209482.90030716
3044942480	"Glyptemys insculpta"	-354976.969354597	-160379.047316499
3067652902	"Glyptemys insculpta"	-1260143.36680924	275146.561856212
3337929981	"Glyptemys insculpta"	-794277.147146224	-320309.680198393
3338144417	"Glyptemys insculpta"	-268181.363981125	-127908.18319087
3384284997	"Glyptemys insculpta"	-606732.331886468	-278911.779608375
3466295951	"Glyptemys insculpta"	-828470.601948982	-351580.906249796
3759709124	"Glyptemys insculpta"	-397164.712299803	-256376.509681272
2814027846	"Glyptemys insculpta"	-797334.348563893	-312901.754476765
2814029049	"Glyptemys insculpta"	-321059.339490266	-65405.5163743848
2814096634	"Glyptemys insculpta"	-423843.818447895	-247618.85515152
2814222098	"Glyptemys insculpta"	-829579.892310282	-395634.347980429
2814238133	"Glyptemys insculpta"	-836571.472796153	-391854.519324859
2814286979	"Glyptemys insculpta"	-421361.319979986	-243811.704911053
2814346009	"Glyptemys insculpta"	-355409.949148353	-181158.862113305
2814347234	"Glyptemys insculpta"	-807548.389955284	-220695.172188886
2814424076	"Glyptemys insculpta"	-807232.824526084	-372015.956086983
2814475875	"Glyptemys insculpta"	-1374529.82898367	234053.886298386
2818543054	"Glyptemys insculpta"	-778771.027884835	-323799.470305919
2818559625	"Glyptemys insculpta"	-296734.552231804	-39512.6584415901
2818572642	"Glyptemys insculpta"	-330078.249384324	-79032.8341589361
2818746948	"Glyptemys insculpta"	-592004.513175659	-323687.704611955
2818747775	"Glyptemys insculpta"	-604652.015047471	-318829.389131888
2818805611	"Glyptemys insculpta"	-786782.069534057	-308030.09391415
2823081519	"Glyptemys insculpta"	-303929.020757313	23921.7351019006
2823169393	"Glyptemys insculpta"	-1486178.05563335	352133.250663288
2823231201	"Glyptemys insculpta"	-1690737.48976463	527327.076493043
2823338993	"Glyptemys insculpta"	-254178.202804867	-32873.2415711312
2826253103	"Glyptemys insculpta"	-745885.269235439	-351863.904672655
2826264727	"Glyptemys insculpta"	-292067.974567418	-106426.534178161
2826321902	"Glyptemys insculpta"	-589034.305492673	-307652.609813119
2826354721	"Glyptemys insculpta"	-772775.95517877	-299907.97601436
2826387130	"Glyptemys insculpta"	-566801.707356963	-359522.530393701
2826512918	"Glyptemys insculpta"	-360438.251016062	31793.2539337034
2860004384	"Glyptemys insculpta"	-651999.848214742	-296644.37269968
2862286114	"Glyptemys insculpta"	-754272.972648909	-342632.208660989
2898444301	"Glyptemys insculpta"	-771163.790567793	-399155.952919981
2988315220	"Glyptemys insculpta"	-400148.416699066	-271813.369714986
3058689288	"Glyptemys insculpta"	-777364.45930829	-401133.631250021
3059118332	"Glyptemys insculpta"	-608296.199263259	-132033.758094667
3067776008	"Glyptemys insculpta"	-771284.802293474	-266493.608390289
3118364407	"Glyptemys insculpta"	-1624948.45714787	546282.471528709
3408065870	"Glyptemys insculpta"	-611232.741159573	-186828.994585916
2850766104	"Glyptemys insculpta"	-347194.636194812	-46905.703516896
2851106851	"Glyptemys insculpta"	-871870.588450719	-471357.34502228
2851223001	"Glyptemys insculpta"	-1257534.25274187	214323.897618381
2851267254	"Glyptemys insculpta"	-450489.845559101	125429.662253816
2856495964	"Glyptemys insculpta"	-352357.108355656	-173981.991511684
2856572810	"Glyptemys insculpta"	-345546.55859374	-41317.4427730383
2856622942	"Glyptemys insculpta"	-847821.671814869	-411678.258662572
2856627619	"Glyptemys insculpta"	-1446158.79647899	416913.678248321
2856658150	"Glyptemys insculpta"	-882361.967014258	-422628.443469039
2860146737	"Glyptemys insculpta"	-521800.967134547	-226346.659793105
2988544817	"Glyptemys insculpta"	-1508647.65110001	510348.024196006
2862429082	"Glyptemys insculpta"	-255869.848691713	-101336.523718377
2862515943	"Glyptemys insculpta"	-794203.668916362	-290739.503136783
2862560113	"Glyptemys insculpta"	-318770.832148994	-169368.382762545
2864561829	"Glyptemys insculpta"	-852424.992511783	-404886.282738223
2868120874	"Glyptemys insculpta"	-543535.408110022	-373243.894594142
2868172683	"Glyptemys insculpta"	-474713.123412048	-199380.973086687
2868201779	"Glyptemys insculpta"	-589098.934147389	-306595.457218118
2868239540	"Glyptemys insculpta"	-832225.639247681	-412881.9507214
2883075514	"Glyptemys insculpta"	-424141.975327503	-236699.890384249
3031583986	"Glyptemys insculpta"	-616824.737794453	-366937.559019871
3705557347	"Glyptemys insculpta"	-586929.647799448	-135245.169471596
2883099709	"Glyptemys insculpta"	-247847.728780713	-171440.324976685
2898306083	"Glyptemys insculpta"	-573181.264449396	-320976.518841097
3407964406	"Glyptemys insculpta"	-861878.604374326	-407153.033515648
3407982411	"Glyptemys insculpta"	-862641.245567355	-419366.786352393
3408130391	"Glyptemys insculpta"	-848481.161651955	-423449.539080629
2988479914	"Glyptemys insculpta"	-683652.724664454	-280259.410421862
2988607924	"Glyptemys insculpta"	-685418.128048033	-279693.874703108
2236839671	"Glyptemys insculpta"	-705855.728995588	-403720.564229104
2237492805	"Glyptemys insculpta"	-1320823.23157692	102957.296169182
2237508619	"Glyptemys insculpta"	-1327587.93805299	90962.9628370013
2238802593	"Glyptemys insculpta"	-1385630.95790891	115062.686185755
2242814607	"Glyptemys insculpta"	-308729.920566707	-16378.7754029441
2242831574	"Glyptemys insculpta"	-550174.334768631	-284570.553023455
2242847847	"Glyptemys insculpta"	-804943.159557147	-459897.374839892
2243011505	"Glyptemys insculpta"	-832763.637234489	-386574.00966584
2244309419	"Glyptemys insculpta"	-639175.150591563	-336192.105261903
2244314588	"Glyptemys insculpta"	-1388282.9442818	100602.389739334
2251867929	"Glyptemys insculpta"	-920854.558582356	-352493.85702512
2251903659	"Glyptemys insculpta"	-604061.76261549	-305960.192587538
2251922761	"Glyptemys insculpta"	-1806934.355821	231437.743616834
2251942329	"Glyptemys insculpta"	-798175.339331386	-484874.286169731
2251964727	"Glyptemys insculpta"	-891735.621178137	-502380.621549948
2251995129	"Glyptemys insculpta"	-741039.057007418	-261127.019272125
2252027431	"Glyptemys insculpta"	-315068.99262767	-13550.4395750728
2265890107	"Glyptemys insculpta"	-554143.139110402	-314938.542329653
2273253063	"Glyptemys insculpta"	-376996.876630665	-61667.8366698305
2826504992	"Glyptemys insculpta"	-793608.952113247	-287197.34987539
3067826564	"Glyptemys insculpta"	-1246459.75469494	280984.47172364
3337394950	"Glyptemys insculpta"	-788433.859011794	-307771.80357419
3802292000	"Glyptemys insculpta"	-367945.600890219	52404.5064670994
2252046091	"Glyptemys insculpta"	-641327.80047356	-354827.008932311
2252069649	"Glyptemys insculpta"	-387530.982781188	-267647.185853581
2252070119	"Glyptemys insculpta"	-419023.285949823	-88574.8352691959
2265823562	"Glyptemys insculpta"	-340915.030481314	-253464.202976517
2265875718	"Glyptemys insculpta"	-813955.350839004	-323033.365435216
2269268047	"Glyptemys insculpta"	-92442.4745590054	8265.24726903684
2269284293	"Glyptemys insculpta"	-275303.339786401	-39742.1433713635
2269304446	"Glyptemys insculpta"	-743066.675422507	-301634.006889127
2269324539	"Glyptemys insculpta"	-329154.38176839	-202823.782281873
2273220520	"Glyptemys insculpta"	-327604.018150254	-196891.172320238
2273223455	"Glyptemys insculpta"	-351142.84726099	-97714.4273383055
2273245477	"Glyptemys insculpta"	-805559.319702928	-474996.149194604
2273297219	"Glyptemys insculpta"	-465736.379294272	-233579.621776221
2273305241	"Glyptemys insculpta"	-472186.297788156	-232644.790812404
2273326979	"Glyptemys insculpta"	-81537.5706630556	69908.9033157417
2283063307	"Glyptemys insculpta"	-871257.986582443	-382452.368141768
2283067844	"Glyptemys insculpta"	-383490.539034895	-95284.5416527462
2283068510	"Glyptemys insculpta"	-384631.764884483	-91061.4672874544
2283068803	"Glyptemys insculpta"	-383292.210490592	-89115.3442415596
2283070453	"Glyptemys insculpta"	-1244735.75731895	283095.284778439
2283070987	"Glyptemys insculpta"	-781607.394622853	-313234.446676612
2283076063	"Glyptemys insculpta"	-564925.612475742	-132237.745913945
2283088881	"Glyptemys insculpta"	-242631.932949972	-89768.1071842144
2283092429	"Glyptemys insculpta"	-770765.004353361	-222309.562784313
2283093495	"Glyptemys insculpta"	-493761.90809229	-278929.098595901
2283135756	"Glyptemys insculpta"	-619593.161130977	-308878.947013822
2465238381	"Glyptemys insculpta"	-350342.51810836	-134386.674875331
2574310580	"Glyptemys insculpta"	-885556.173496954	-430287.577306967
2576408187	"Glyptemys insculpta"	-1390425.6407139	166747.103713825
2826400364	"Glyptemys insculpta"	-540204.078938536	-263882.611988339
3018075171	"Glyptemys insculpta"	-368049.224981484	-44535.172409445
3039362405	"Glyptemys insculpta"	-301965.226094787	-140265.387251397
3090525516	"Glyptemys insculpta"	-849988.63335394	-419262.647112333
3456441841	"Glyptemys insculpta"	-308726.348691347	-240482.711197296
3712593312	"Glyptemys insculpta"	-754991.111608732	-293510.807663963
3873355116	"Glyptemys insculpta"	-559474.86644977	-321402.272049457
2283114259	"Glyptemys insculpta"	-790742.129218592	-230354.121547087
2283151737	"Glyptemys insculpta"	-557577.843511362	-148250.581946925
2283205065	"Glyptemys insculpta"	-307243.601311123	-26678.368556976
2294594569	"Glyptemys insculpta"	-322245.528516841	-209222.75391495
2294597360	"Glyptemys insculpta"	-664765.024935975	-256411.790656823
2294611897	"Glyptemys insculpta"	-592748.107333673	-291183.253371246
2294628952	"Glyptemys insculpta"	-887039.062607583	-362593.070318113
2311427149	"Glyptemys insculpta"	-348565.404565614	-34193.1520370054
2366025165	"Glyptemys insculpta"	-1376167.06049225	151968.577113526
2429342567	"Glyptemys insculpta"	-1526863.33617767	476317.121728848
2465155640	"Glyptemys insculpta"	-723546.234756302	-380960.70936187
2529242112	"Glyptemys insculpta"	-201930.31472419	94734.7066136575
2826275379	"Glyptemys insculpta"	-524629.268946356	-278223.957473552
3090864554	"Glyptemys insculpta"	-319835.676102649	-241697.341401522
2331857387	"Glyptemys insculpta"	-495499.479332049	-153183.821218239
2350351099	"Glyptemys insculpta"	-422366.94887581	-235867.913370679
2397552425	"Glyptemys insculpta"	-600462.313333209	-182832.623508844
2397593220	"Glyptemys insculpta"	-1307455.49890722	226820.592935083
2397625151	"Glyptemys insculpta"	-284169.779365088	-177717.101541611
2397702721	"Glyptemys insculpta"	-1427801.18369559	116723.961077559
2397703589	"Glyptemys insculpta"	-1432137.87472819	115413.982297976
2397703608	"Glyptemys insculpta"	-1434162.28894175	120099.328856476
2423110369	"Glyptemys insculpta"	-573741.608942131	-334685.798521934
2529314535	"Glyptemys insculpta"	-254232.549081875	-27314.6205847367
2540786886	"Glyptemys insculpta"	-447893.88537865	-137305.61747602
2596263493	"Glyptemys insculpta"	-1506730.5732795	340770.817677242
2422939732	"Glyptemys insculpta"	-361732.248362707	77311.8651589487
2422979147	"Glyptemys insculpta"	-463613.446362661	-219353.623942485
2423084268	"Glyptemys insculpta"	-533562.69687557	-307466.553469576
2423220701	"Glyptemys insculpta"	-317764.519671458	-185878.747373833
2429254030	"Glyptemys insculpta"	-927561.830196777	-339012.161688478
2429284225	"Glyptemys insculpta"	-558168.624571026	-324954.902097943
2429304291	"Glyptemys insculpta"	-927452.992920301	-268292.57725652
2429374369	"Glyptemys insculpta"	-533319.290569737	-253857.314099002
2465186088	"Glyptemys insculpta"	-566017.425093513	-131473.683055075
2540782296	"Glyptemys insculpta"	-474485.284890289	-209407.064906204
2557795802	"Glyptemys insculpta"	-1612576.19956756	529344.101702512
3698057569	"Glyptemys insculpta"	-886949.038489535	-157476.962830108
2429332578	"Glyptemys insculpta"	-746654.698574501	-377254.945901101
2429394179	"Glyptemys insculpta"	-794659.311090685	-296269.467863075
2429444952	"Glyptemys insculpta"	-285053.892617515	-4431.76919203597
2445127294	"Glyptemys insculpta"	-310381.038491625	-213326.38982278
2465200169	"Glyptemys insculpta"	-545555.681524777	-455664.743292758
2576294220	"Glyptemys insculpta"	-540025.427898751	-441270.591092666
2883166967	"Glyptemys insculpta"	-783912.111575428	-329687.923675088
3031707746	"Glyptemys insculpta"	-495441.91492995	-223698.100902036
2465182618	"Glyptemys insculpta"	-904142.014259836	-409525.804665453
2465369625	"Glyptemys insculpta"	-840146.356963494	-410992.74479735
2574290541	"Glyptemys insculpta"	-554732.299248228	-128967.368443003
1831099662	"Glyptemys insculpta"	-470976.12585774	-184406.294536235
1831099941	"Glyptemys insculpta"	-468307.274499572	-191744.417987624
2626208166	"Glyptemys insculpta"	-72457.6199237156	31155.4356557597
3384334335	"Glyptemys insculpta"	-277278.053391533	-276999.317790975
1847530480	"Glyptemys insculpta"	-328385.734059222	-91174.9456283797
1847566047	"Glyptemys insculpta"	-865642.513896512	-414751.038328982
1847573535	"Glyptemys insculpta"	-362698.201248766	-64030.4300023558
1847574183	"Glyptemys insculpta"	-863981.837801431	-418284.23076445
1847576929	"Glyptemys insculpta"	-1416176.23669976	200238.469009172
1847603402	"Glyptemys insculpta"	-875585.177141294	-413675.37103933
1847603449	"Glyptemys insculpta"	-860259.144372478	-420099.14992898
1848771957	"Glyptemys insculpta"	-296588.408460084	-242415.737261137
1850961284	"Glyptemys insculpta"	-617850.450262124	-336123.216928008
1948780348	"Glyptemys insculpta"	-284287.842533711	-103956.054112043
1948780372	"Glyptemys insculpta"	-278373.813082342	-114355.086684585
2235528053	"Glyptemys insculpta"	-934524.864313998	-276603.052460369
3759731541	"Glyptemys insculpta"	-293309.329968757	-134802.820507486
1848805728	"Glyptemys insculpta"	-743607.206685071	-285854.862406469
1848805742	"Glyptemys insculpta"	-755062.699986311	-294748.641710667
1848805794	"Glyptemys insculpta"	-752839.264891581	-299935.585754596
1850913986	"Glyptemys insculpta"	-952776.081859764	-489586.378665215
1850978989	"Glyptemys insculpta"	-162875.348941905	137841.488024885
1850984625	"Glyptemys insculpta"	-643473.352813879	-130851.188635572
1880487827	"Glyptemys insculpta"	-277797.051149325	-145268.324237498
1880487934	"Glyptemys insculpta"	-296089.65503095	-228589.067173703
1880499905	"Glyptemys insculpta"	-311902.839953407	-125471.649330291
1880513154	"Glyptemys insculpta"	-1559979.99545359	493334.43324358
1880522346	"Glyptemys insculpta"	-869700.050318903	-448897.541710158
1880530108	"Glyptemys insculpta"	-513099.114956041	33902.2528516331
1880539309	"Glyptemys insculpta"	-865888.538921843	-195233.488415461
1880596578	"Glyptemys insculpta"	-263135.153738551	-217793.026814766
1880597061	"Glyptemys insculpta"	-278706.944897579	-277180.43291204
1880599515	"Glyptemys insculpta"	-345308.217816313	96291.8174905437
1883482484	"Glyptemys insculpta"	-591420.789948331	-314526.036598515
1891330833	"Glyptemys insculpta"	-1334697.07403194	206600.420369507
1931526593	"Glyptemys insculpta"	-853904.650097535	-380652.917008321
1931526597	"Glyptemys insculpta"	-852093.828592246	-372940.952709592
1933582935	"Glyptemys insculpta"	-822672.781355392	-375375.696238674
2429300918	"Glyptemys insculpta"	-282305.271727014	33374.996705292
2596161709	"Glyptemys insculpta"	-876959.901692222	-484532.771574248
2596282751	"Glyptemys insculpta"	-873874.065614402	-478060.357384949
2802649788	"Glyptemys insculpta"	-598618.465360606	-382625.185138933
3079653446	"Glyptemys insculpta"	-434062.963219237	-232551.256088871
1880619555	"Glyptemys insculpta"	-842240.766431663	-377217.525652858
1880646232	"Glyptemys insculpta"	-1594917.24276237	457101.538458693
1880652804	"Glyptemys insculpta"	-456930.665895998	-226641.284054893
1883508041	"Glyptemys insculpta"	-885226.299870754	-482377.231454578
1883550887	"Glyptemys insculpta"	-1692072.13075196	638072.29512891
1883553756	"Glyptemys insculpta"	-341210.948534645	27632.7399145963
1883558683	"Glyptemys insculpta"	-741430.933175349	-290485.961808635
1883933242	"Glyptemys insculpta"	-316636.904227357	43138.1736858211
1890049285	"Glyptemys insculpta"	-322765.368651584	45939.2676522126
1920787291	"Glyptemys insculpta"	-750342.978576924	-285603.48148813
2006067578	"Glyptemys insculpta"	-312136.789268179	44747.1191399383
2529392795	"Glyptemys insculpta"	-365709.089582393	-66655.8707132501
2818696981	"Glyptemys insculpta"	-575546.98393894	-292648.470923127
1890697916	"Glyptemys insculpta"	-329144.634522511	-71164.7840006493
1890717729	"Glyptemys insculpta"	-848597.028488598	-422540.606288915
1890725201	"Glyptemys insculpta"	-758138.652293595	-331926.400632085
1891304928	"Glyptemys insculpta"	-642945.592232767	-265401.372832013
1898809176	"Glyptemys insculpta"	-274912.550363045	-130067.06806251
2239053648	"Glyptemys insculpta"	-576257.97510389	-317484.55799908
1913154041	"Glyptemys insculpta"	-883419.332495288	-413588.016377998
1990627862	"Glyptemys insculpta"	-1394298.0687126	160673.596324575
2236926744	"Glyptemys insculpta"	-570483.456571707	-139114.413284232
1931532940	"Glyptemys insculpta"	-306667.016696108	-1793.27726222779
1932342840	"Glyptemys insculpta"	-301838.834616271	-6284.74573256347
3466070647	"Glyptemys insculpta"	-601849.427145323	-369105.092482721
3466115983	"Glyptemys insculpta"	-601503.906381484	-374144.383918156
1839258595	"Glyptemys insculpta"	-696482.474097064	-297193.6749307
2397454248	"Glyptemys insculpta"	-613317.962641323	-19957.876467352
1563431180	"Glyptemys insculpta"	-497608.441097876	-299260.256050143
1571074126	"Glyptemys insculpta"	-471239.340607345	-244428.830513879
1571085505	"Glyptemys insculpta"	-308674.467682693	-11364.996592322
1847635005	"Glyptemys insculpta"	-941477.365964439	-274339.51414867
1880598377	"Glyptemys insculpta"	-247641.722309991	-68625.5276488412
2423069419	"Glyptemys insculpta"	-322963.760573955	-167366.867874068
2603493288	"Glyptemys insculpta"	-1568861.41267763	481351.260292012
2609336693	"Glyptemys insculpta"	-618774.007329292	-340610.683142333
1563446451	"Glyptemys insculpta"	-311441.699137661	-231093.430508691
1571104658	"Glyptemys insculpta"	-313492.825970852	-213240.593771566
1571128365	"Glyptemys insculpta"	-854519.556193411	-380669.649293272
1571129189	"Glyptemys insculpta"	-644178.244822353	-140798.245437641
1571129516	"Glyptemys insculpta"	-858115.523618949	-422771.227890844
1571138141	"Glyptemys insculpta"	-549242.353436279	-235516.713586748
1571141572	"Glyptemys insculpta"	-366497.999847724	-87944.5292770998
1571143460	"Glyptemys insculpta"	-557725.362731228	-297297.190337393
1571151844	"Glyptemys insculpta"	-276752.577704331	-126611.230049311
1571156802	"Glyptemys insculpta"	-321244.27071015	42152.512844384
1571176009	"Glyptemys insculpta"	-1608667.63950728	495999.519501138
1571178531	"Glyptemys insculpta"	-933540.167146975	-518125.601085456
1572346351	"Glyptemys insculpta"	-1534112.55999383	492697.323972895
2456516735	"Glyptemys insculpta"	-321214.075788795	-177332.999496762
2529339026	"Glyptemys insculpta"	-321123.892842845	-212634.768766731
2626405373	"Glyptemys insculpta"	-97975.9570622017	19954.9371100679
3044789351	"Glyptemys insculpta"	-296008.524606021	77836.0589302439
3070609434	"Glyptemys insculpta"	-1339508.06337539	408947.917761757
3070612430	"Glyptemys insculpta"	-1345461.69193044	409027.115867251
3760310036	"Glyptemys insculpta"	-536186.290928704	-280784.225987537
1572393058	"Glyptemys insculpta"	-403776.187714124	-229890.061818545
1677271482	"Glyptemys insculpta"	-641467.487295942	-135675.060568405
1880502451	"Glyptemys insculpta"	-268596.517380041	-43844.6145391632
1945443852	"Glyptemys insculpta"	-392239.855305337	-36453.7235762227
2397545396	"Glyptemys insculpta"	-1664242.99062949	534137.390521927
3039416001	"Glyptemys insculpta"	-1749414.86506649	689585.514691671
3760284491	"Glyptemys insculpta"	-540367.470407428	-313606.827599202
1586129983	"Glyptemys insculpta"	-334189.538989947	12658.4184210798
1586937120	"Glyptemys insculpta"	-1362676.35472838	136892.182886649
1586952158	"Glyptemys insculpta"	-314851.28879347	-23749.0941512894
1805400542	"Glyptemys insculpta"	-516778.450564711	-20369.1497202384
1847508010	"Glyptemys insculpta"	-1494669.12793624	514619.075603291
3466141821	"Glyptemys insculpta"	-500972.9448875	-223832.868771233
1640125004	"Glyptemys insculpta"	-348251.505324489	-62086.1521791348
1668857156	"Glyptemys insculpta"	-363920.151810028	-231033.251750436
1668877276	"Glyptemys insculpta"	-32048.9961379278	71684.0754184359
3032031405	"Glyptemys insculpta"	-754863.361769283	-373038.096607732
2012958645	"Glyptemys insculpta"	-1724248.38304175	553715.688654329
1265594016	"Glyptemys insculpta"	-320241.468839252	-230753.608168093
2397705614	"Glyptemys insculpta"	-621714.981125178	-27901.5108618854
1269578639	"Glyptemys insculpta"	-617294.413868369	-372485.900756033
1270050478	"Glyptemys insculpta"	-799809.9727913	-363715.128001474
1270056258	"Glyptemys insculpta"	-450491.730064518	-235850.292815577
1453091044	"Glyptemys insculpta"	-878298.423503413	-467041.46728565
2235515913	"Glyptemys insculpta"	-918125.123139023	-263067.484337386
1270057822	"Glyptemys insculpta"	-298686.808951443	-224385.331905952
1270058699	"Glyptemys insculpta"	-301796.786556334	-219114.406889164
1272087775	"Glyptemys insculpta"	-330193.746852364	-71806.4153880338
1272100935	"Glyptemys insculpta"	-821179.65206055	-415038.493963796
1272101222	"Glyptemys insculpta"	-838430.997055193	-369086.972671179
1272101255	"Glyptemys insculpta"	-847964.652217228	-381500.530668154
1272110601	"Glyptemys insculpta"	-773434.347476453	-276737.306942149
1272110709	"Glyptemys insculpta"	-842115.798700285	-365751.452229367
1272116180	"Glyptemys insculpta"	-846465.271631317	-372862.929880186
1273844224	"Glyptemys insculpta"	-448378.139506749	-232237.828440212
1273845937	"Glyptemys insculpta"	-838725.209773253	-369635.755695249
1273854111	"Glyptemys insculpta"	-846223.067420642	-460639.085400535
1273854823	"Glyptemys insculpta"	-349933.426131925	-55641.0298172777
1305122490	"Glyptemys insculpta"	-844980.282948184	-465751.779554555
1453100995	"Glyptemys insculpta"	-506762.34917916	-244858.712650522
2235560069	"Glyptemys insculpta"	-842032.565299626	-453017.550237459
2465164227	"Glyptemys insculpta"	-726307.590008677	-382193.51785921
3061808382	"Glyptemys insculpta"	-311710.469933444	-154097.969264892
3067914324	"Glyptemys insculpta"	-468656.505999589	-226400.166301398
1291126674	"Glyptemys insculpta"	-1245774.47085532	275881.749114857
1880658089	"Glyptemys insculpta"	-797401.150785544	-222006.504954774
2802573340	"Glyptemys insculpta"	-852297.629108608	-404319.438786865
2596387568	"Glyptemys insculpta"	-1780860.87078946	381195.817309804
3420882305	"Glyptemys insculpta"	-277052.641718859	-174056.028667945
1315076760	"Glyptemys insculpta"	-841279.644655542	-379964.554364308
2236914103	"Glyptemys insculpta"	-793781.567215564	-316502.783887336
3888775650	"Glyptemys insculpta"	-930460.563907732	-362304.721206884
2579258855	"Glyptemys insculpta"	-518013.978665595	-340318.55862681
3408402336	"Glyptemys insculpta"	-474150.448642682	-229292.122509088
1092878416	"Glyptemys insculpta"	-385591.116529973	43260.5882267652
1092901287	"Glyptemys insculpta"	-625901.251882023	-190475.58072188
1249273027	"Glyptemys insculpta"	-1322314.5878553	122583.497989764
1890667677	"Glyptemys insculpta"	-373134.546040062	37151.7705817055
2626354505	"Glyptemys insculpta"	-95930.5384460193	294968.526127628
3327776234	"Glyptemys insculpta"	-851900.238340617	-418229.547856884
1099972708	"Glyptemys insculpta"	-324965.867654328	-228816.375373772
1144277920	"Glyptemys insculpta"	-1507997.7379881	533636.427529669
1249273290	"Glyptemys insculpta"	-878717.186697567	-397678.661197761
1249273306	"Glyptemys insculpta"	-320390.473208595	-103784.327090705
1249273374	"Glyptemys insculpta"	-1297242.36814248	104189.779358318
1265903402	"Glyptemys insculpta"	-301595.042689608	-213618.034258504
1453059155	"Glyptemys insculpta"	-1247176.83611714	283525.208920592
2851155495	"Glyptemys insculpta"	-1272174.9012566	93335.6063725492
1099973058	"Glyptemys insculpta"	-702824.661253551	-336970.774677735
1135208183	"Glyptemys insculpta"	-311817.534091651	-220994.972562824
1227724345	"Glyptemys insculpta"	-1510154.50365848	416227.416960572
1453061322	"Glyptemys insculpta"	-1266734.52601798	196523.465913101
2238929440	"Glyptemys insculpta"	-1762025.22993277	584305.009388735
3760282944	"Glyptemys insculpta"	-600255.489338236	-285092.664654635
2580239859	"Glyptemys insculpta"	-1511787.916237	393330.150425297
1315081491	"Glyptemys insculpta"	-737574.668329455	-600697.088076179
1837780275	"Glyptemys insculpta"	-791511.857348811	-470141.471496488
1227761387	"Glyptemys insculpta"	-319276.359144152	-246962.790324145
1880551646	"Glyptemys insculpta"	-674350.86067604	-211142.423292879
3032052101	"Glyptemys insculpta"	-581204.593621616	-357598.791797463
923924997	"Glyptemys insculpta"	-339750.921279839	-118999.836910978
1024186924	"Glyptemys insculpta"	-886580.279787692	-311870.390865916
1024329255	"Glyptemys insculpta"	-1756327.45839506	334281.150310763
1935593857	"Glyptemys insculpta"	-1571551.41684533	474230.564292311
1935593875	"Glyptemys insculpta"	-1556782.12995185	480593.126726393
1935593896	"Glyptemys insculpta"	-1565442.97597168	473151.189947723
1987148965	"Glyptemys insculpta"	-1571192.80251493	478554.238940173
3327764729	"Glyptemys insculpta"	-488594.970701698	-225949.76138651
1024197740	"Glyptemys insculpta"	-762847.118986663	-221126.513131354
1933577733	"Glyptemys insculpta"	-100984.358918689	93423.7359002686
1453155822	"Glyptemys insculpta"	-321208.59046815	-88991.5071283869
1500214179	"Glyptemys insculpta"	-720216.735920609	-355398.442180028
3873466750	"Glyptemys insculpta"	-851024.384946583	-413397.449805382
1024231574	"Glyptemys insculpta"	-307995.010753513	-24463.3563139417
2626586273	"Glyptemys insculpta"	-102994.734438061	10749.9806288436
891024588	"Glyptemys insculpta"	-745107.576745279	-375799.916642978
1227763146	"Glyptemys insculpta"	-789919.406957311	-407820.511358793
2579354798	"Glyptemys insculpta"	-295508.893166854	-194800.918402616
891170066	"Glyptemys insculpta"	-789942.939725281	-233510.616922512
891171282	"Glyptemys insculpta"	-341605.256774245	-491.410931662095
1024333048	"Glyptemys insculpta"	-813848.753362547	-332100.453793054
1453091608	"Glyptemys insculpta"	-844204.514997679	-405309.886149451
1987115507	"Glyptemys insculpta"	-1570343.54597316	508538.055145414
2234803480	"Glyptemys insculpta"	-954362.887355779	-291856.558027204
1450592001	"Glyptemys insculpta"	162228.771118246	199853.229748808
1450591999	"Glyptemys insculpta"	162362.101524497	199279.112110971
1450592019	"Glyptemys insculpta"	163728.367520781	199674.414037976
1249301629	"Glyptemys insculpta"	-363483.462904878	-81000.0029660113
1253317946	"Glyptemys insculpta"	-356191.679933914	-85882.3901650303
1253317998	"Glyptemys insculpta"	-364223.815266977	-82940.6086734246
1450591997	"Glyptemys insculpta"	161490.299244767	199820.849661491
2814131854	"Glyptemys insculpta"	-38179.4751042377	261764.778033317
1450591694	"Glyptemys insculpta"	169597.693520539	212276.666473931
891080874	"Glyptemys insculpta"	-317402.621686706	-233562.540227348
891133048	"Glyptemys insculpta"	-638576.985607644	-376675.409387453
923908864	"Glyptemys insculpta"	-373249.364192076	-23065.6042923962
1987142752	"Glyptemys insculpta"	-1524351.89184779	500364.549696768
1450591264	"Glyptemys insculpta"	194925.168574447	317430.631663413
3466074622	"Glyptemys insculpta"	-602741.316891774	-381986.783459643
1253298758	"Glyptemys insculpta"	-525019.214824309	-230.314689423385
1253298956	"Glyptemys insculpta"	-349807.278051402	-116808.789441225
2619972721	"Glyptemys insculpta"	-528287.083080266	-17200.6500009087
891110512	"Glyptemys insculpta"	-712321.16166505	-421071.309171179
1253298955	"Glyptemys insculpta"	-351767.288142879	-107214.001520411
1450590998	"Glyptemys insculpta"	162752.961194161	199463.804792012
2397590225	"Glyptemys insculpta"	-849098.699903032	-412541.173480935
891063645	"Glyptemys insculpta"	-823284.113922053	-356865.558846197
1324957281	"Glyptemys insculpta"	-679029.744530503	-312180.083174196
3079842376	"Glyptemys insculpta"	-598415.916366134	-193879.337494625
3097168884	"Glyptemys insculpta"	-629589.435822687	-134228.021085344
1450591268	"Glyptemys insculpta"	203800.38315858	339677.443882419
2626397840	"Glyptemys insculpta"	-51277.8309661886	349052.801731284
1272087160	"Glyptemys insculpta"	-299951.143251145	-215225.63592084
1450591609	"Glyptemys insculpta"	144229.892014192	187005.419524661
891098596	"Glyptemys insculpta"	-788743.599555763	-228261.426259702
2851244441	"Glyptemys insculpta"	-860515.751815169	-372711.25659534
3044721360	"Glyptemys insculpta"	-300151.213159114	88252.5434187172
1450590683	"Glyptemys insculpta"	205842.06547555	316239.284630708
1450590685	"Glyptemys insculpta"	195062.996303521	317374.914155749
3759813397	"Glyptemys insculpta"	-295376.95674205	-165052.872594146
1065583434	"Glyptemys insculpta"	-340900.900027263	20764.9862899342
1898835770	"Glyptemys insculpta"	-526752.442311206	-294977.708417073
872996650	"Glyptemys insculpta"	-135743.294092882	140704.745911858
2460068666	"Glyptemys insculpta"	-627374.532181538	-290164.073651657
3888769927	"Glyptemys insculpta"	-1628624.36968138	182419.662841023
3889006879	"Glyptemys insculpta"	-1850618.98544105	517714.621040332
1450591977	"Glyptemys insculpta"	205695.536664983	316886.860883151
2626221688	"Glyptemys insculpta"	-67391.4793555248	296890.593165645
1457643110	"Glyptemys insculpta"	-664615.417752755	-133994.780992378
1838366118	"Glyptemys insculpta"	-701566.654778478	-396491.144517904
2397616891	"Glyptemys insculpta"	-820899.901391817	-418174.076552665
1450590694	"Glyptemys insculpta"	245859.807190572	288454.061766875
1450591257	"Glyptemys insculpta"	184658.867594118	288366.743029242
1950002255	"Glyptemys insculpta"	-310166.639974665	-183383.674669056
1987060575	"Glyptemys insculpta"	-1525425.16425438	511355.120156277
2006096316	"Glyptemys insculpta"	-318678.488647804	-174216.471370827
3759461329	"Glyptemys insculpta"	-305266.448052017	-172254.970726652
1450590278	"Glyptemys insculpta"	196172.018695524	203136.698961654
1450592477	"Glyptemys insculpta"	197882.153606284	206428.08657294
2980875173	"Glyptemys insculpta"	-879092.675457967	-169430.548780227
1450590225	"Glyptemys insculpta"	128100.161929745	210286.175368085
2006096293	"Glyptemys insculpta"	-320600.666008153	-185443.9499243
2028472683	"Glyptemys insculpta"	-298412.822080259	-3792.4873497496
3759734585	"Glyptemys insculpta"	-298262.748437065	-173850.162034551
891064252	"Glyptemys insculpta"	-825723.923343523	-391328.905179965
3466078905	"Glyptemys insculpta"	-594874.077606476	-385201.773832168
1249297583	"Glyptemys insculpta"	-330398.927123395	-7503.41579626161
1913171501	"Glyptemys insculpta"	-883891.464153612	-377602.436153174
1920783404	"Glyptemys insculpta"	-877459.041866943	-169888.977679723
1978430412	"Glyptemys insculpta"	-885802.389808202	-162845.109946307
1145563935	"Glyptemys insculpta"	-861222.514287098	-438194.048701182
1831199462	"Glyptemys insculpta"	-821390.963312201	-374807.294876829
3759731542	"Glyptemys insculpta"	-305367.376359297	-173384.305755359
1257417979	"Glyptemys insculpta"	-324139.869991391	-108247.674299112
2294575589	"Glyptemys insculpta"	-569581.056747916	-135794.081716159
1037144947	"Glyptemys insculpta"	-304849.575678476	-185413.631704771
3079551719	"Glyptemys insculpta"	-1224245.12735356	204799.514030701
2963860717	"Glyptemys insculpta"	-1726221.48345618	650154.860525742
1450590580	"Glyptemys insculpta"	127803.342048497	223285.953940618
1450583674	"Glyptemys insculpta"	121229.230348699	228698.861682849
1987146298	"Glyptemys insculpta"	-1293292.55912853	142702.524958053
1037145055	"Glyptemys insculpta"	-211503.858154765	-139102.242643917
1804117582	"Glyptemys insculpta"	-327000.388177761	125351.046851821
1987157228	"Glyptemys insculpta"	-1302997.05426869	128484.395322443
675711740	"Glyptemys insculpta"	-815137.539586928	-297440.206927314
1450583052	"Glyptemys insculpta"	148453.948480724	223795.579445302
1804115611	"Glyptemys insculpta"	-595257.043479128	244084.59459287
1450583562	"Glyptemys insculpta"	180434.901854334	193235.262965542
1804135357	"Glyptemys insculpta"	-326816.863897683	125518.290330509
1804137555	"Glyptemys insculpta"	-326399.716160143	127416.621687441
1804125076	"Glyptemys insculpta"	-597052.317937621	242477.106327755
1450583339	"Glyptemys insculpta"	254789.509529154	272152.219772775
1450589026	"Glyptemys insculpta"	219460.956832989	409963.865642162
1804122434	"Glyptemys insculpta"	-587798.145032286	245930.750853428
1804102527	"Glyptemys insculpta"	-339932.47202817	303372.571284879
3307522913	"Glyptemys insculpta"	-367362.996257974	-133148.641442712
1039471382	"Glyptemys insculpta"	31099.0036634779	188387.996117126
1039472782	"Glyptemys insculpta"	-196666.762935695	-19281.1210825889
1450583486	"Glyptemys insculpta"	204348.780739779	249661.709648576
1804133567	"Glyptemys insculpta"	-593755.008308954	244089.309075843
1804103787	"Glyptemys insculpta"	-593532.471407488	244713.833258924
786452661	"Glyptemys insculpta"	-909534.018890331	-366171.845295585
786480406	"Glyptemys insculpta"	-802489.902416617	-223840.534379274
1037144942	"Glyptemys insculpta"	-208488.820113977	-224975.666456921
786483651	"Glyptemys insculpta"	-806429.055335927	-364993.846294016
786483773	"Glyptemys insculpta"	-805431.779606823	-364019.244684397
786483775	"Glyptemys insculpta"	-825818.765241491	-360225.010147197
786483155	"Glyptemys insculpta"	-609083.912876451	-214325.092049717
786484666	"Glyptemys insculpta"	-730202.613636977	-301588.272465169
786484669	"Glyptemys insculpta"	-757262.165382637	-304934.362029643
786484974	"Glyptemys insculpta"	-820280.564664804	-312309.57646947
786485736	"Glyptemys insculpta"	-742324.096531581	-302341.238612468
786489614	"Glyptemys insculpta"	-875402.390620074	-384359.055183883
1804126329	"Glyptemys insculpta"	-628211.186586154	283565.59354296
1987083668	"Glyptemys insculpta"	-1628016.23464706	539729.297700582
786449010	"Glyptemys insculpta"	-826412.443869541	-371194.66346089
786449013	"Glyptemys insculpta"	-815988.757718152	-378098.836809264
786481747	"Glyptemys insculpta"	-789153.853619622	-318603.95273799
786482833	"Glyptemys insculpta"	-884844.899694337	-383019.581788247
1675496040	"Glyptemys insculpta"	-1314536.15306595	109109.205370246
1804110666	"Glyptemys insculpta"	-616106.231385056	245947.047682142
786436211	"Glyptemys insculpta"	-447627.888621436	-238372.169160479
786445176	"Glyptemys insculpta"	-797732.4693153	-220034.284176461
476650577	"Glyptemys insculpta"	-255824.039533074	-261880.213575003
786450747	"Glyptemys insculpta"	-886418.298852548	-357358.040793266
786515179	"Glyptemys insculpta"	-739711.765301146	-546049.896861135
895438183	"Glyptemys insculpta"	-653902.428894609	-141485.314279523
1322273022	"Glyptemys insculpta"	-872467.694220745	-378251.23814623
786517470	"Glyptemys insculpta"	-917336.137317884	-522892.894431728
1322879988	"Glyptemys insculpta"	-773751.11735301	-496957.132541054
1804103618	"Glyptemys insculpta"	-721378.791355146	234872.518038057
1804121548	"Glyptemys insculpta"	-595028.334494864	244619.002347023
786429744	"Glyptemys insculpta"	-1780984.26130614	625424.680442166
786429745	"Glyptemys insculpta"	-1760451.69132664	673727.249622707
1450582802	"Glyptemys insculpta"	169643.328653686	163271.212728805
1450582928	"Glyptemys insculpta"	150834.118148745	183104.232961314
476720819	"Glyptemys insculpta"	-562332.209948026	-158628.075206677
1804124966	"Glyptemys insculpta"	-579537.888046123	210760.876688493
1804108884	"Glyptemys insculpta"	-594866.987681592	246465.483488485
1804136245	"Glyptemys insculpta"	-578455.460871506	245989.940174798
786367990	"Glyptemys insculpta"	-630563.999847931	-234237.503270755
786446443	"Glyptemys insculpta"	-362939.907065917	-272674.876182046
1318676828	"Glyptemys insculpta"	-865922.418163646	-421647.888521158
3416953438	"Glyptemys insculpta"	-867663.970151089	-421383.979986705
786418547	"Glyptemys insculpta"	-988599.056235274	-280769.943597453
786440141	"Glyptemys insculpta"	-691438.829568399	-292832.011070245
786440136	"Glyptemys insculpta"	-715347.828400702	-270179.313062134
476710946	"Glyptemys insculpta"	-255008.576694438	-272611.059964544
1450582762	"Glyptemys insculpta"	172421.335103458	157801.666377927
1987148269	"Glyptemys insculpta"	-1280363.23524206	109095.711580631
1804104312	"Glyptemys insculpta"	-581796.25822243	246549.921955838
1675495891	"Glyptemys insculpta"	-1313599.74622315	110189.290657955
1675495897	"Glyptemys insculpta"	-1291299.46023587	98509.2847797648
786295735	"Glyptemys insculpta"	-692388.347048791	-286094.930242414
1852447470	"Glyptemys insculpta"	-662948.836289257	-134138.188364888
895426619	"Glyptemys insculpta"	-853286.918577935	-283023.698495297
476731618	"Glyptemys insculpta"	-331548.191900074	-164766.990234264
1852443162	"Glyptemys insculpta"	-634298.645545276	-146218.369016511
1987136693	"Glyptemys insculpta"	-420849.480016712	-224705.457221826
1675496797	"Glyptemys insculpta"	-1266666.55666139	97597.3027305687
1987157832	"Glyptemys insculpta"	-307219.406861926	-246030.330055585
786351738	"Glyptemys insculpta"	-1881011.88375995	377872.776299285
786255032	"Glyptemys insculpta"	-770767.483890599	-275591.281654158
3416953590	"Glyptemys insculpta"	-581059.278832303	-330456.234372244
1852442780	"Glyptemys insculpta"	-663354.584031582	-133595.005831385
1804114067	"Glyptemys insculpta"	504762.902622627	164702.667347625
1804124296	"Glyptemys insculpta"	459411.442870202	192650.433525697
1804105967	"Glyptemys insculpta"	-299078.019202757	135692.517195235
1450582580	"Glyptemys insculpta"	203016.708568697	347988.407136653
786352050	"Glyptemys insculpta"	-1878782.37166132	379447.301492241
1804101531	"Glyptemys insculpta"	425360.013196404	102560.351744277
1450582888	"Glyptemys insculpta"	288876.415648859	232994.533833559
1450582428	"Glyptemys insculpta"	207145.790028997	173408.920095327
1450582485	"Glyptemys insculpta"	199320.524229217	173460.651964644
1675496427	"Glyptemys insculpta"	-1310095.31336864	103860.138006194
1987064266	"Glyptemys insculpta"	-748766.89855274	-383858.775119588
1675496337	"Glyptemys insculpta"	-1299168.18519274	100756.28139066
1450582331	"Glyptemys insculpta"	181320.083405098	285962.84833489
1675496181	"Glyptemys insculpta"	-1389044.29948845	212905.350552638
786130040	"Glyptemys insculpta"	-379641.660445878	-228680.881616062
1675496191	"Glyptemys insculpta"	-1386373.77038975	210547.934965059
1804106558	"Glyptemys insculpta"	-738618.72383872	266085.856262351
1804121252	"Glyptemys insculpta"	-735962.723183624	262874.522644414
1804114387	"Glyptemys insculpta"	-738362.588817081	264717.598596007
786131242	"Glyptemys insculpta"	-927223.618130969	-355795.204857608
1804117716	"Glyptemys insculpta"	360563.437537025	203751.884019551
1804129245	"Glyptemys insculpta"	359273.385932244	203669.221176661
1675496140	"Glyptemys insculpta"	-1298136.84696095	103440.25348493
1804100568	"Glyptemys insculpta"	360740.63182903	204030.429424402
1804120823	"Glyptemys insculpta"	355701.768145944	201293.610740785
476645240	"Glyptemys insculpta"	-283185.973875864	-184569.796750802
1804122585	"Glyptemys insculpta"	403356.097080769	132473.189919568
1804123742	"Glyptemys insculpta"	478947.132035055	162302.183507681
1852445336	"Glyptemys insculpta"	-552860.449859437	-157719.634415321
1804108125	"Glyptemys insculpta"	328649.302269689	127601.597484911
1675495935	"Glyptemys insculpta"	-1316661.24403735	102666.857647645
786233402	"Glyptemys insculpta"	-607964.807782535	-219966.78096908
476645022	"Glyptemys insculpta"	-269806.87709027	-196874.333368722
1321838797	"Glyptemys insculpta"	-758094.691557896	-350230.63605665
1987047905	"Glyptemys insculpta"	-1641596.08749493	536155.503537525
786121222	"Glyptemys insculpta"	-926044.213140261	-353757.513935265
1675495771	"Glyptemys insculpta"	-1324448.2329843	133982.755369145
1324082842	"Glyptemys insculpta"	-733672.77421599	-380817.012531635
1852448670	"Glyptemys insculpta"	-494625.766885794	-147854.727074536
1987060456	"Glyptemys insculpta"	-1489690.77412693	394927.819809322
1061333838	"Glyptemys insculpta"	-797755.089818311	-301167.684491253
476726238	"Glyptemys insculpta"	-315301.969322524	-169064.828090022
1061333802	"Glyptemys insculpta"	-626761.464416748	-238874.240001742
786118367	"Glyptemys insculpta"	-926531.474246138	-357006.342441407
1852445426	"Glyptemys insculpta"	-539230.782095873	-130032.477786182
786114616	"Glyptemys insculpta"	-625989.350288454	-239134.011716569
1804132355	"Glyptemys insculpta"	-573518.903503014	294383.713179037
786117980	"Glyptemys insculpta"	-925189.935770788	-353885.578504299
476497703	"Glyptemys insculpta"	-563282.307482919	-315898.059419781
1987203630	"Glyptemys insculpta"	-1354949.8048656	402001.429121916
1987211085	"Glyptemys insculpta"	-1278589.7844685	217271.878611933
786111211	"Glyptemys insculpta"	-741167.207417467	-222803.904757876
1987028854	"Glyptemys insculpta"	-845551.162864009	-424148.840851578
1852440850	"Glyptemys insculpta"	-641376.843172326	-125893.27546547
1987136046	"Glyptemys insculpta"	-1389523.59890021	117080.148782521
786099947	"Glyptemys insculpta"	-794603.806747335	-361002.22559824
786099981	"Glyptemys insculpta"	-740584.231105146	-337905.349614743
786099985	"Glyptemys insculpta"	-768353.173004386	-366527.546707097
786102080	"Glyptemys insculpta"	-759399.412297967	-301352.703776559
1039466176	"Glyptemys insculpta"	-713303.805689887	-169275.817880301
1319106960	"Glyptemys insculpta"	-427833.957120752	-144518.570079505
1804112438	"Glyptemys insculpta"	142152.431078988	217550.384987709
1321501224	"Glyptemys insculpta"	-330293.296033572	-212296.414873421
786093353	"Glyptemys insculpta"	-838969.537801076	-150001.525789447
786093770	"Glyptemys insculpta"	-883323.348246704	-193663.779061709
786093978	"Glyptemys insculpta"	-920319.386482802	-321380.38070453
786094346	"Glyptemys insculpta"	-866921.183818513	-281512.271781415
786094373	"Glyptemys insculpta"	-884804.753780007	-280053.815851819
786095948	"Glyptemys insculpta"	-762517.363530018	-264454.086748656
786111176	"Glyptemys insculpta"	-977666.169847155	-293639.05209683
1987074609	"Glyptemys insculpta"	-1430827.55369017	117374.352183199
786095216	"Glyptemys insculpta"	-769809.51277462	-308899.086606619
786096412	"Glyptemys insculpta"	-985403.010144877	-255719.569333933
786096380	"Glyptemys insculpta"	-763133.040297717	-359446.990265121
786096390	"Glyptemys insculpta"	-709196.512993195	-350426.076440627
1852442999	"Glyptemys insculpta"	-663498.122495819	-133124.265021372
1987069358	"Glyptemys insculpta"	-1226120.89428979	244527.496864912
1987198660	"Glyptemys insculpta"	-304276.660348733	-284067.241579214
786090908	"Glyptemys insculpta"	-876467.459550293	-199112.54238814
786091545	"Glyptemys insculpta"	-969205.729145603	-294985.858227374
1804137313	"Glyptemys insculpta"	308865.368893419	126560.652259959
1987061304	"Glyptemys insculpta"	-1246045.19024568	213010.64655401
786087449	"Glyptemys insculpta"	-740497.9860398	-301456.973506536
786091777	"Glyptemys insculpta"	-832897.623837833	-439858.756809147
1987173933	"Glyptemys insculpta"	-832627.387789991	-439487.872001353
1804101857	"Glyptemys insculpta"	-638295.002512872	241551.198040118
1987031350	"Glyptemys insculpta"	-1409247.98789211	187718.620774891
1987040355	"Glyptemys insculpta"	-1428038.02738285	112706.243339577
1987055614	"Glyptemys insculpta"	-1384096.10237498	170248.000732237
786428006	"Glyptemys insculpta"	-797362.394971837	-302056.648685305
1987060148	"Glyptemys insculpta"	-665707.761985799	-443089.224149032
786087348	"Glyptemys insculpta"	-689853.566502035	-286381.792199864
1987105049	"Glyptemys insculpta"	-1316553.92985556	172724.070132014
1987158424	"Glyptemys insculpta"	-1287066.49577353	183819.449985935
786088105	"Glyptemys insculpta"	-553459.423856969	-298045.00765408
786082924	"Glyptemys insculpta"	-617269.622247242	-390026.098286603
1317796210	"Glyptemys insculpta"	-862406.870713855	-415003.98175227
1319875534	"Glyptemys insculpta"	-579088.11594758	-294227.736992366
1322157771	"Glyptemys insculpta"	-873486.539771205	-430163.76284564
786037041	"Glyptemys insculpta"	-543167.229119201	-259259.81406662
786078265	"Glyptemys insculpta"	-776435.274646643	-347850.411406018
1852442687	"Glyptemys insculpta"	-681617.259518993	-144378.052508373
1987191449	"Glyptemys insculpta"	-1342517.99433993	228222.569418979
1852443939	"Glyptemys insculpta"	-691289.268207196	-157767.953655142
786073770	"Glyptemys insculpta"	-804272.956408715	-218057.711893313
1317709162	"Glyptemys insculpta"	-755161.13303256	-400446.229040129
1852445981	"Glyptemys insculpta"	-672911.384347549	-158357.854555159
786062219	"Glyptemys insculpta"	-570865.222304322	-310779.691342099
786058880	"Glyptemys insculpta"	-313912.079099511	38403.0435472871
1852444463	"Glyptemys insculpta"	-664426.102391801	-137497.111328311
786059068	"Glyptemys insculpta"	-789871.658194468	-310770.454813513
786060012	"Glyptemys insculpta"	-918564.544074885	-350445.771765721
786051377	"Glyptemys insculpta"	-902706.786243149	-489744.031110978
786093877	"Glyptemys insculpta"	-594758.373750718	-372413.364206019
1321807420	"Glyptemys insculpta"	-879165.338314412	-471183.390586223
543744544	"Glyptemys insculpta"	-362200.503905612	-223907.181028444
1987207779	"Glyptemys insculpta"	-1345549.78432387	215022.592673651
1987053435	"Glyptemys insculpta"	-1944450.41697294	225014.956790906
1852442906	"Glyptemys insculpta"	-651234.289287322	-136550.867570972
786045941	"Glyptemys insculpta"	-874959.834215906	-200443.185674563
786064372	"Glyptemys insculpta"	-571876.655965236	-294145.371252349
1987082495	"Glyptemys insculpta"	-1479921.56573188	353639.597111486
1320935940	"Glyptemys insculpta"	-338819.146735667	61810.2773585349
1987172127	"Glyptemys insculpta"	-309790.305806965	-111618.570504151
1852446787	"Glyptemys insculpta"	-659884.467127994	-134608.637104646
1987119375	"Glyptemys insculpta"	-292037.575416416	-39584.4598557875
1987213639	"Glyptemys insculpta"	-297165.532733052	-72789.3702588402
1987214989	"Glyptemys insculpta"	-262808.472331242	-83540.1718592131
786036327	"Glyptemys insculpta"	-881904.986192819	-405538.663217234
1852442797	"Glyptemys insculpta"	-651632.345160367	-154072.712869394
1987165296	"Glyptemys insculpta"	-233221.548024268	126436.221239976
1987155750	"Glyptemys insculpta"	-1496836.86681203	348110.123504344
1320800094	"Glyptemys insculpta"	-855505.029227842	-456657.298511774
1321160816	"Glyptemys insculpta"	-876801.335521528	-410666.14039744
1321613066	"Glyptemys insculpta"	-871564.430821351	-450907.738402351
1987122528	"Glyptemys insculpta"	-236950.615127094	-86916.7223050488
1987152394	"Glyptemys insculpta"	-209739.523828353	-113833.022182535
786015997	"Glyptemys insculpta"	-762667.729662638	-398119.088808818
786019758	"Glyptemys insculpta"	-903433.897452854	-426756.1104704
786023953	"Glyptemys insculpta"	-838801.299718614	-424733.216046221
1987124275	"Glyptemys insculpta"	-248053.714098518	-36131.7773569806
1987184396	"Glyptemys insculpta"	-235855.632772263	-128611.852063058
786215768	"Glyptemys insculpta"	-884702.7135073	-273414.311740782
786215826	"Glyptemys insculpta"	-885648.816477237	-279931.33951699
786014405	"Glyptemys insculpta"	-840808.567947135	-336087.685977653
1987059713	"Glyptemys insculpta"	-171209.686180335	-45124.596193234
1987220571	"Glyptemys insculpta"	-1204769.79149805	187086.506241796
786216048	"Glyptemys insculpta"	-911837.630880602	-340370.170204637
1852442383	"Glyptemys insculpta"	-658019.215443086	-134223.587962361
1987103273	"Glyptemys insculpta"	-179954.202599417	-49401.4558108162
786013621	"Glyptemys insculpta"	-365080.524076448	-224064.687320705
1852445958	"Glyptemys insculpta"	-466326.122045552	-145702.680332007
786009538	"Glyptemys insculpta"	-756578.685213075	-391144.397546402
786009549	"Glyptemys insculpta"	-773899.944321499	-390113.329525417
786009555	"Glyptemys insculpta"	-785470.915901241	-364377.738277187
786213778	"Glyptemys insculpta"	-760016.333992871	-390724.737845776
1317478220	"Glyptemys insculpta"	-822325.368043125	-422897.755623591
1321721222	"Glyptemys insculpta"	-853641.669519426	-422003.918072696
1852442535	"Glyptemys insculpta"	-455456.896761156	-179346.766431597
1987110386	"Glyptemys insculpta"	-458719.320329871	-146416.40612389
1987120616	"Glyptemys insculpta"	-431024.380661949	-202046.053229327
1987159944	"Glyptemys insculpta"	-499717.747807689	-240298.325451281
1987163156	"Glyptemys insculpta"	-418071.199935486	-200202.613581706
1318072220	"Glyptemys insculpta"	-781305.923148536	-423986.6847382
1852448008	"Glyptemys insculpta"	-775003.428665595	-433663.580133359
1987033684	"Glyptemys insculpta"	-1224497.10967062	296667.887654268
786216409	"Glyptemys insculpta"	-597644.468710663	-375437.93654526
1852442523	"Glyptemys insculpta"	-472555.031780032	-283448.029105966
786216578	"Glyptemys insculpta"	-983010.012475542	-278339.365986361
1852446594	"Glyptemys insculpta"	-513155.076759028	-340929.127774129
786215361	"Glyptemys insculpta"	-907184.067256636	-308927.295031957
786216677	"Glyptemys insculpta"	-909245.202989982	-305296.158054302
1987096270	"Glyptemys insculpta"	-474853.157144715	-235599.207198045
786210272	"Glyptemys insculpta"	-908601.157412314	-300956.95229687
786450034	"Glyptemys insculpta"	-554132.280501987	-324435.905814127
786213013	"Glyptemys insculpta"	-708160.057250286	-379217.706687246
786212216	"Glyptemys insculpta"	-913079.278309176	-313594.561402143
786212929	"Glyptemys insculpta"	-920650.51331977	-294719.742024636
1987027506	"Glyptemys insculpta"	-553799.030052492	-196213.333002158
786212073	"Glyptemys insculpta"	-735473.235410832	-374934.067726194
786212925	"Glyptemys insculpta"	-905096.680151085	-294823.382955008
786213248	"Glyptemys insculpta"	-904892.314926471	-299288.882400532
1320432319	"Glyptemys insculpta"	-284751.749384381	-272460.124680475
1987067070	"Glyptemys insculpta"	-538992.581742832	-187732.96361133
1987170834	"Glyptemys insculpta"	-534935.699972029	-188098.054291731
1987185945	"Glyptemys insculpta"	-553024.202129651	-196685.143415638
1987191955	"Glyptemys insculpta"	-562146.991570661	-121232.922752026
1987229893	"Glyptemys insculpta"	-1428945.70179851	115877.190486103
786206946	"Glyptemys insculpta"	-828571.451482131	-433817.823036686
1852448217	"Glyptemys insculpta"	-458421.921364975	-133525.347194446
786208411	"Glyptemys insculpta"	-959845.381895751	-263142.866251891
1852447561	"Glyptemys insculpta"	-662780.538228559	-135747.013191232
786205245	"Glyptemys insculpta"	-964456.814816432	-126556.920923044
1987219746	"Glyptemys insculpta"	-756719.730904505	-413072.751734683
786205251	"Glyptemys insculpta"	-948308.767716085	-217150.239183008
786205513	"Glyptemys insculpta"	-957963.461245089	-251214.637959616
1852442263	"Glyptemys insculpta"	-664522.629204945	-138010.918156711
1987079945	"Glyptemys insculpta"	-434772.035456666	-90680.9631463351
1987115759	"Glyptemys insculpta"	-1340036.034985	145045.548204833
1320921361	"Glyptemys insculpta"	-331580.484794495	-161805.185224181
786199259	"Glyptemys insculpta"	-799864.98309703	-229732.869856034
786200336	"Glyptemys insculpta"	-945360.190824515	-253189.658870455
1852442293	"Glyptemys insculpta"	-883946.331051963	-476157.426938825
1852448344	"Glyptemys insculpta"	-671176.530539737	-121821.335928151
786199726	"Glyptemys insculpta"	-960837.237853858	-215169.176593497
786201873	"Glyptemys insculpta"	-852181.723000807	-380962.064752263
786198151	"Glyptemys insculpta"	-826637.773182128	-346851.781763726
786191497	"Glyptemys insculpta"	-966676.244976898	-300937.051676002
786191732	"Glyptemys insculpta"	-923157.361550833	-351975.16794254
786131178	"Glyptemys insculpta"	-900130.658071782	-302208.195945136
1987191041	"Glyptemys insculpta"	-1432860.59377046	173600.272629781
1987217560	"Glyptemys insculpta"	-1394823.14136503	199337.264506562
895417192	"Glyptemys insculpta"	-450852.401167123	-132460.883916574
1987062843	"Glyptemys insculpta"	-1233548.66254282	206837.210804297
1987122232	"Glyptemys insculpta"	-1194087.39099686	177356.235808077
1987135723	"Glyptemys insculpta"	-1262762.23830964	213557.728278394
543677644	"Glyptemys insculpta"	-450949.686151036	-133756.391782834
686706087	"Glyptemys insculpta"	-761874.509031469	-407733.844283081
543641656	"Glyptemys insculpta"	-335190.799382313	-144786.205150768
1145647020	"Glyptemys insculpta"	-643418.602588588	-125252.304580045
1987038969	"Glyptemys insculpta"	-333777.404303488	-169579.457138582
786194560	"Glyptemys insculpta"	-990955.577721164	-279276.283950293
1319927802	"Glyptemys insculpta"	-625384.258551295	-426178.058212659
786449983	"Glyptemys insculpta"	-333580.435508379	-170734.825945231
1987032524	"Glyptemys insculpta"	-1362312.75853811	385352.099732955
1987052139	"Glyptemys insculpta"	-1412131.57185765	201789.026294966
1319577154	"Glyptemys insculpta"	-669811.922127182	-185839.127287484
543618286	"Glyptemys insculpta"	-522912.164364492	-267080.716116295
786195428	"Glyptemys insculpta"	-964995.746412493	-323395.163677197
786191443	"Glyptemys insculpta"	-805271.890431001	-303234.573932114
1987122731	"Glyptemys insculpta"	-744354.189429317	-324433.214577742
786191228	"Glyptemys insculpta"	-744246.427306809	-325314.348804734
786193130	"Glyptemys insculpta"	-989827.093164963	-288349.148417219
786190675	"Glyptemys insculpta"	-998168.310944022	-176788.166946898
1318137043	"Glyptemys insculpta"	-532803.296174546	-271716.707135067
786191457	"Glyptemys insculpta"	-974782.815988745	-291878.321563942
543641711	"Glyptemys insculpta"	-319627.08130583	-15106.1009100749
786195424	"Glyptemys insculpta"	-940667.43959045	-329383.977674824
1318102796	"Glyptemys insculpta"	-280751.470096336	53241.869761799
1320502580	"Glyptemys insculpta"	-292973.972984912	111249.30306389
1320019238	"Glyptemys insculpta"	-704057.884913707	-391168.30437659
1320185202	"Glyptemys insculpta"	-270697.598395633	-73327.6893530244
1830941747	"Glyptemys insculpta"	-263896.871105462	-167221.649011217
1830941823	"Glyptemys insculpta"	-267065.761722649	-207515.933479922
1563406975	"Glyptemys insculpta"	-1582915.33962682	2037335.62285548
476644318	"Glyptemys insculpta"	-183058.587944806	47652.6542421201
476644532	"Glyptemys insculpta"	-538628.396554415	-329206.72577226
476468850	"Glyptemys insculpta"	-262983.026205403	-164804.720668596
476489793	"Glyptemys insculpta"	-257089.572405878	-120263.566899318
476635921	"Glyptemys insculpta"	-339625.872052962	-151139.892700552
476644315	"Glyptemys insculpta"	-236112.213595792	-165406.428419173
476644429	"Glyptemys insculpta"	-311021.042297942	-184118.456731968
476678162	"Glyptemys insculpta"	-314473.947079048	-197109.120209168
476696169	"Glyptemys insculpta"	-169520.7384144	-62957.0150336259
476794486	"Glyptemys insculpta"	-589977.742900971	-150338.339207591
543620799	"Glyptemys insculpta"	-1285387.5784606	-989087.879342883
657403580	"Glyptemys insculpta"	-634946.632330316	-357064.624753531
786436180	"Glyptemys insculpta"	-807714.970699344	-361512.188839257
1039464243	"Glyptemys insculpta"	-335419.446219714	-288255.571649902
1209597853	"Glyptemys insculpta"	-1608707.87955313	60241.8518015179
1318188142	"Glyptemys insculpta"	-1288022.7918596	101028.710469811
1318373924	"Glyptemys insculpta"	-873810.904435043	-411848.136940121
1318549838	"Glyptemys insculpta"	-396130.776706829	-247743.666041966
1318915830	"Glyptemys insculpta"	505673.122279729	160694.732776217
1319218140	"Glyptemys insculpta"	-352045.25374898	-262610.463602494
1321172381	"Glyptemys insculpta"	-461734.991803333	-272797.696427146
1321334527	"Glyptemys insculpta"	-682984.453795785	-365499.133577759
1322389794	"Glyptemys insculpta"	-748725.249222124	-373070.75627066
1450582464	"Glyptemys insculpta"	149561.136627167	183033.319349148
1450582586	"Glyptemys insculpta"	177903.888296541	150530.23624167
1450583047	"Glyptemys insculpta"	71781.4059633162	242299.754675859
1450589072	"Glyptemys insculpta"	169200.744696848	178377.409693386
1450590158	"Glyptemys insculpta"	170611.500831887	173320.299709283
1450590165	"Glyptemys insculpta"	170025.9925476	177957.790369573
1450590202	"Glyptemys insculpta"	184190.84574493	288384.54222973
1450590213	"Glyptemys insculpta"	219171.354323989	206099.682897161
1450590567	"Glyptemys insculpta"	175004.790028548	175654.551036977
1450590612	"Glyptemys insculpta"	174967.905246326	175331.206735451
1698342901	"Glyptemys insculpta"	-1540629.82748571	-894571.51625081
1698775617	"Glyptemys insculpta"	-1692181.05264873	-700704.337305789
1699119658	"Glyptemys insculpta"	-1925238.06726855	-823040.645343984
1804132495	"Glyptemys insculpta"	-740518.256687137	225498.113087338
1804135226	"Glyptemys insculpta"	-808629.065929428	-242239.2326743
1987185520	"Glyptemys insculpta"	-1571961.57375051	495554.42212995
1987204167	"Glyptemys insculpta"	-1359697.82431471	234465.408331379
3416958013	"Glyptemys insculpta"	-1356823.90866792	391103.959448224
