"ID_grid","earthenv_Elevation","earthenv_Slope","IHEH_2022_1","chelsa_clim_bio1","chelsa_clim_bio2","V1","V1.1","X.1","X","Cam.Site","No_spp","events","Instal.Date","Last.eventDate","Cam.Days","ID","elevation2010.01.01.2011.01.01","Dis_forest","dist_rios","V1.2","X.2","scientificName","vernacularName","eventDate","eventTime","organismQuantity","class","order","family","genus","filename","id_row"
39782,281.5,2.059086561203,50.5844078063965,2980,73,1,1,1,1,"Nancy_2162",8,115,"06/08/2019","23/11/2019",109,39782,225.25,23,373,1506,1557,"Cuniculus paca","Guagua","22/09/2019","00:53:00",1,"Mammalia","Rodentia","Cuniculidae","Cuniculus","Nancy_2162_09220094.JPG",1
39782,281.5,2.059086561203,50.5844078063965,2980,73,2,1,1,1,"Nancy_2162",8,115,"06/08/2019","23/11/2019",109,39782,225.25,23,373,1508,1559,"Cuniculus paca","Guagua","23/09/2019","01:24:00",1,"Mammalia","Rodentia","Cuniculidae","Cuniculus","Nancy_2162_09230109.JPG",2
39782,281.5,2.059086561203,50.5844078063965,2980,73,3,1,1,1,"Nancy_2162",8,115,"06/08/2019","23/11/2019",109,39782,225.25,23,373,1515,1566,"Cuniculus paca","Guagua","30/09/2019","20:26:00",1,"Mammalia","Rodentia","Cuniculidae","Cuniculus","Nancy_2162_09300148.JPG",3
39782,281.5,2.059086561203,50.5844078063965,2980,73,4,1,1,1,"Nancy_2162",8,115,"06/08/2019","23/11/2019",109,39782,225.25,23,373,1526,1577,"Cuniculus paca","Guagua","13/10/2019","00:39:00",1,"Mammalia","Rodentia","Cuniculidae","Cuniculus","Nancy_2162_10130220.JPG",4
39782,281.5,2.059086561203,50.5844078063965,2980,73,5,1,1,1,"Nancy_2162",8,115,"06/08/2019","23/11/2019",109,39782,225.25,23,373,1527,1578,"Cuniculus paca","Guagua","13/10/2019","18:49:00",1,"Mammalia","Rodentia","Cuniculidae","Cuniculus","Nancy_2162_10130226.JPG",5
39782,281.5,2.059086561203,50.5844078063965,2980,73,6,1,1,1,"Nancy_2162",8,115,"06/08/2019","23/11/2019",109,39782,225.25,23,373,1528,1579,"Cuniculus paca","Guagua","14/10/2019","00:38:00",1,"Mammalia","Rodentia","Cuniculidae","Cuniculus","Nancy_2162_10140231.JPG",6
39782,281.5,2.059086561203,50.5844078063965,2980,73,7,1,1,1,"Nancy_2162",8,115,"06/08/2019","23/11/2019",109,39782,225.25,23,373,1530,1581,"Cuniculus paca","Guagua","16/10/2019","18:43:00",1,"Mammalia","Rodentia","Cuniculidae","Cuniculus","Nancy_2162_10160247.JPG",7
39782,281.5,2.059086561203,50.5844078063965,2980,73,8,1,1,1,"Nancy_2162",8,115,"06/08/2019","23/11/2019",109,39782,225.25,23,373,1531,1582,"Cuniculus paca","Guagua","17/10/2019","18:49:00",1,"Mammalia","Rodentia","Cuniculidae","Cuniculus","Nancy_2162_10170259.JPG",8
39782,281.5,2.059086561203,50.5844078063965,2980,73,9,1,1,1,"Nancy_2162",8,115,"06/08/2019","23/11/2019",109,39782,225.25,23,373,1534,1585,"Cuniculus paca","Guagua","21/10/2019","20:59:00",1,"Mammalia","Rodentia","Cuniculidae","Cuniculus","Nancy_2162_10210277.JPG",9
39782,281.5,2.059086561203,50.5844078063965,2980,73,10,1,1,1,"Nancy_2162",8,115,"06/08/2019","23/11/2019",109,39782,225.25,23,373,1535,1586,"Cuniculus paca","Guagua","21/10/2019","21:01:00",1,"Mammalia","Rodentia","Cuniculidae","Cuniculus","Nancy_2162_10210286.JPG",10
39782,281.5,2.059086561203,50.5844078063965,2980,73,11,1,1,1,"Nancy_2162",8,115,"06/08/2019","23/11/2019",109,39782,225.25,23,373,1537,1588,"Cuniculus paca","Guagua","22/10/2019","20:32:00",1,"Mammalia","Rodentia","Cuniculidae","Cuniculus","Nancy_2162_10220298.JPG",11
39782,281.5,2.059086561203,50.5844078063965,2980,73,12,1,1,1,"Nancy_2162",8,115,"06/08/2019","23/11/2019",109,39782,225.25,23,373,1540,1591,"Cuniculus paca","Guagua","24/10/2019","00:43:00",1,"Mammalia","Rodentia","Cuniculidae","Cuniculus","Nancy_2162_10240313.JPG",12
39782,281.5,2.059086561203,50.5844078063965,2980,73,13,1,1,1,"Nancy_2162",8,115,"06/08/2019","23/11/2019",109,39782,225.25,23,373,1543,1594,"Cuniculus paca","Guagua","24/10/2019","19:17:00",1,"Mammalia","Rodentia","Cuniculidae","Cuniculus","Nancy_2162_10240334.JPG",13
39782,281.5,2.059086561203,50.5844078063965,2980,73,14,1,1,1,"Nancy_2162",8,115,"06/08/2019","23/11/2019",109,39782,225.25,23,373,1544,1595,"Cuniculus paca","Guagua","24/10/2019","22:56:00",1,"Mammalia","Rodentia","Cuniculidae","Cuniculus","Nancy_2162_10240340.JPG",14
39782,281.5,2.059086561203,50.5844078063965,2980,73,15,1,1,1,"Nancy_2162",8,115,"06/08/2019","23/11/2019",109,39782,225.25,23,373,1545,1596,"Cuniculus paca","Guagua","25/10/2019","18:51:00",1,"Mammalia","Rodentia","Cuniculidae","Cuniculus","Nancy_2162_10250376.JPG",15
39782,281.5,2.059086561203,50.5844078063965,2980,73,16,1,1,1,"Nancy_2162",8,115,"06/08/2019","23/11/2019",109,39782,225.25,23,373,1547,1598,"Cuniculus paca","Guagua","25/10/2019","21:43:00",1,"Mammalia","Rodentia","Cuniculidae","Cuniculus","Nancy_2162_10250385.JPG",16
39782,281.5,2.059086561203,50.5844078063965,2980,73,17,1,1,1,"Nancy_2162",8,115,"06/08/2019","23/11/2019",109,39782,225.25,23,373,1548,1599,"Cuniculus paca","Guagua","26/10/2019","23:10:00",1,"Mammalia","Rodentia","Cuniculidae","Cuniculus","Nancy_2162_10260391.JPG",17
39782,281.5,2.059086561203,50.5844078063965,2980,73,18,1,1,1,"Nancy_2162",8,115,"06/08/2019","23/11/2019",109,39782,225.25,23,373,1550,1601,"Cuniculus paca","Guagua","27/10/2019","19:42:00",1,"Mammalia","Rodentia","Cuniculidae","Cuniculus","Nancy_2162_10270400.JPG",18
39782,281.5,2.059086561203,50.5844078063965,2980,73,19,1,1,1,"Nancy_2162",8,115,"06/08/2019","23/11/2019",109,39782,225.25,23,373,1552,1603,"Cuniculus paca","Guagua","28/10/2019","20:13:00",1,"Mammalia","Rodentia","Cuniculidae","Cuniculus","Nancy_2162_10280409.JPG",19
39782,281.5,2.059086561203,50.5844078063965,2980,73,20,1,1,1,"Nancy_2162",8,115,"06/08/2019","23/11/2019",109,39782,225.25,23,373,1553,1604,"Cuniculus paca","Guagua","28/10/2019","23:03:00",1,"Mammalia","Rodentia","Cuniculidae","Cuniculus","Nancy_2162_10280415.JPG",20
39782,281.5,2.059086561203,50.5844078063965,2980,73,21,1,1,1,"Nancy_2162",8,115,"06/08/2019","23/11/2019",109,39782,225.25,23,373,1556,1607,"Cuniculus paca","Guagua","29/10/2019","22:41:00",1,"Mammalia","Rodentia","Cuniculidae","Cuniculus","Nancy_2162_10290460.JPG",21
39782,281.5,2.059086561203,50.5844078063965,2980,73,22,1,1,1,"Nancy_2162",8,115,"06/08/2019","23/11/2019",109,39782,225.25,23,373,1557,1608,"Cuniculus paca","Guagua","30/10/2019","21:46:00",1,"Mammalia","Rodentia","Cuniculidae","Cuniculus","Nancy_2162_10300463.JPG",22
39782,281.5,2.059086561203,50.5844078063965,2980,73,23,1,1,1,"Nancy_2162",8,115,"06/08/2019","23/11/2019",109,39782,225.25,23,373,1560,1611,"Cuniculus paca","Guagua","2/11/2019","03:27:00",1,"Mammalia","Rodentia","Cuniculidae","Cuniculus","Nancy_2162_11020481.JPG",23
39782,281.5,2.059086561203,50.5844078063965,2980,73,24,1,1,1,"Nancy_2162",8,115,"06/08/2019","23/11/2019",109,39782,225.25,23,373,1563,1614,"Cuniculus paca","Guagua","4/11/2019","00:40:00",1,"Mammalia","Rodentia","Cuniculidae","Cuniculus","Nancy_2162_11040493.JPG",24
39782,281.5,2.059086561203,50.5844078063965,2980,73,25,1,1,1,"Nancy_2162",8,115,"06/08/2019","23/11/2019",109,39782,225.25,23,373,1566,1617,"Cuniculus paca","Guagua","6/11/2019","01:14:00",1,"Mammalia","Rodentia","Cuniculidae","Cuniculus","Nancy_2162_11060510.JPG",25
39782,281.5,2.059086561203,50.5844078063965,2980,73,26,1,1,1,"Nancy_2162",8,115,"06/08/2019","23/11/2019",109,39782,225.25,23,373,1569,1620,"Cuniculus paca","Guagua","7/11/2019","22:25:00",1,"Mammalia","Rodentia","Cuniculidae","Cuniculus","Nancy_2162_11070538.JPG",26
39782,281.5,2.059086561203,50.5844078063965,2980,73,27,1,1,1,"Nancy_2162",8,115,"06/08/2019","23/11/2019",109,39782,225.25,23,373,1571,1622,"Cuniculus paca","Guagua","10/11/2019","22:58:00",1,"Mammalia","Rodentia","Cuniculidae","Cuniculus","Nancy_2162_11100549.JPG",27
39782,281.5,2.059086561203,50.5844078063965,2980,73,28,1,1,1,"Nancy_2162",8,115,"06/08/2019","23/11/2019",109,39782,225.25,23,373,1572,1623,"Cuniculus paca","Guagua","12/11/2019","19:19:00",1,"Mammalia","Rodentia","Cuniculidae","Cuniculus","Nancy_2162_11120550.JPG",28
39782,281.5,2.059086561203,50.5844078063965,2980,73,29,1,1,1,"Nancy_2162",8,115,"06/08/2019","23/11/2019",109,39782,225.25,23,373,1578,1629,"Cuniculus paca","Guagua","17/11/2019","22:32:00",1,"Mammalia","Rodentia","Cuniculidae","Cuniculus","Nancy_2162_11170580.JPG",29
39782,281.5,2.059086561203,50.5844078063965,2980,73,30,1,1,1,"Nancy_2162",8,115,"06/08/2019","23/11/2019",109,39782,225.25,23,373,1583,1634,"Cuniculus paca","Guagua","19/11/2019","21:07:00",1,"Mammalia","Rodentia","Cuniculidae","Cuniculus","Nancy_2162_11190609.JPG",30
39400,283,1.74163103103638,20.0002784729004,2980,73,31,2,2,2,"Nancy_2165",6,19,"06/08/2019","24/11/2019",110,39400,222.375,58,45,1467,1518,"Cuniculus paca","Guagua","30/08/2019","11:32:00",1,"Mammalia","Rodentia","Cuniculidae","Cuniculus","Nancy_2165_08300074.JPG",31
39400,283,1.74163103103638,20.0002784729004,2980,73,32,2,2,2,"Nancy_2165",6,19,"06/08/2019","24/11/2019",110,39400,222.375,58,45,1468,1519,"Cuniculus paca","Guagua","30/08/2019","14:34:00",1,"Mammalia","Rodentia","Cuniculidae","Cuniculus","Nancy_2165_08300077.JPG",32
39400,283,1.74163103103638,20.0002784729004,2980,73,33,2,2,2,"Nancy_2165",6,19,"06/08/2019","24/11/2019",110,39400,222.375,58,45,1469,1520,"Cuniculus paca","Guagua","1/09/2019","00:05:00",1,"Mammalia","Rodentia","Cuniculidae","Cuniculus","Nancy_2165_09010082.JPG",33
40163,317.5,2.54907655715942,25.7980403900146,2978,73,34,3,3,3,"Nancy_2174",7,28,"05/08/2019","23/11/2019",110,40163,232.5,84,130,1479,1530,"Cuniculus paca","Guagua","17/08/2019","00:35:00",1,"Mammalia","Rodentia","Cuniculidae","Cuniculus","Nancy_2174_08170025.JPG",34
39400,283,1.74163103103638,20.0002784729004,2980,73,35,4,4,4,"Nancy_3338",8,23,"06/08/2019","24/11/2019",110,39400,222.375,48,347,1493,1544,"Cuniculus paca","Guagua","26/08/2019","20:43:00",1,"Mammalia","Rodentia","Cuniculidae","Cuniculus","Nancy_3338_08260057.JPG",35
39400,283,1.74163103103638,20.0002784729004,2980,73,36,4,4,4,"Nancy_3338",8,23,"06/08/2019","24/11/2019",110,39400,222.375,48,347,1494,1545,"Cuniculus paca","Guagua","29/08/2019","01:20:00",1,"Mammalia","Rodentia","Cuniculidae","Cuniculus","Nancy_3338_08290058.JPG",36
39781,291.5,2.9566502571106,48.4753341674805,2979,73,37,5,5,5,"Nancy_3339",3,8,"05/08/2019","24/09/2019",50,39781,235.375,100,114,1497,1548,"Cuniculus paca","Guagua","6/08/2019","09:04:00",1,"Mammalia","Rodentia","Cuniculidae","Cuniculus","Nancy_3339_01020007.JPG",37
39781,291.5,2.9566502571106,48.4753341674805,2979,73,38,5,5,5,"Nancy_3339",3,8,"05/08/2019","24/09/2019",50,39781,235.375,100,114,1499,1550,"Cuniculus paca","Guagua","10/08/2019","13:18:00",1,"Mammalia","Rodentia","Cuniculidae","Cuniculus","Nancy_3339_01060022.JPG",38
39781,291.5,2.9566502571106,48.4753341674805,2979,73,39,5,5,5,"Nancy_3339",3,8,"05/08/2019","24/09/2019",50,39781,235.375,100,114,1500,1551,"Cuniculus paca","Guagua","15/08/2019","07:37:00",1,"Mammalia","Rodentia","Cuniculidae","Cuniculus","Nancy_3339_01110043.JPG",39
39781,291.5,2.9566502571106,48.4753341674805,2979,73,40,5,5,5,"Nancy_3339",3,8,"05/08/2019","24/09/2019",50,39781,235.375,100,114,1502,1553,"Cuniculus paca","Guagua","27/08/2019","14:02:00",1,"Mammalia","Rodentia","Cuniculidae","Cuniculus","Nancy_3339_01230061.JPG",40
43271,246,1.04570078849792,32.4305191040039,2981,68,41,6,6,6,"Platanillo1_2178",6,35,"16/07/2019","06/11/2019",113,43271,229.375,66,307,67,67,"Cuniculus paca","Guagua","22/07/2019","12:39:00",1,"Mammalia","Rodentia","Cuniculidae","Cuniculus","Platanillo1_2178_01060025.JPG",41
43271,246,1.04570078849792,32.4305191040039,2981,68,42,6,6,6,"Platanillo1_2178",6,35,"16/07/2019","06/11/2019",113,43271,229.375,66,307,339,339,"Cuniculus paca","Guagua","3/09/2019","11:19:00",1,"Mammalia","Rodentia","Cuniculidae","Cuniculus","Platanillo1_2178_09030011.JPG",42
43653,250,1.30397081375122,28.7970504760742,2981,68,43,7,7,7,"Platanillo1_3310",4,5,"16/07/2019","07/11/2019",114,43653,231.0625,69,292,90,90,"Cuniculus paca","Guagua","30/07/2019","09:15:00",1,"Mammalia","Rodentia","Cuniculidae","Cuniculus","Platanillo1_3310_01140025.JPG",43
42889,256,0.836375415325165,30.4469623565674,2980,68,44,8,8,8,"Platanillo1_3314",5,12,"16/07/2019","07/11/2019",114,42889,222,45,392,NA,NA,NA,NA,NA,NA,NA,NA,NA,NA,NA,NA,44
43273,256,0.914637684822083,10.6796970367432,2980,68,45,9,9,9,"Platanillo1_3315",11,77,"15/07/2019","06/11/2019",114,43273,217.5,97,199,97,97,"Cuniculus paca","Guagua","29/07/2019","01:13:00",1,"Mammalia","Rodentia","Cuniculidae","Cuniculus","Platanillo1_3315_07290253.JPG",45
43273,256,0.914637684822083,10.6796970367432,2980,68,46,9,9,9,"Platanillo1_3315",11,77,"15/07/2019","06/11/2019",114,43273,217.5,97,199,382,382,"Cuniculus paca","Guagua","28/09/2019","22:40:00",1,"Mammalia","Rodentia","Cuniculidae","Cuniculus","Platanillo1_3315_09280099.JPG",46
43273,256,0.914637684822083,10.6796970367432,2980,68,47,9,9,9,"Platanillo1_3315",11,77,"15/07/2019","06/11/2019",114,43273,217.5,97,199,387,387,"Cuniculus paca","Guagua","9/10/2019","01:31:00",1,"Mammalia","Rodentia","Cuniculidae","Cuniculus","Platanillo1_3315_10090118.JPG",47
42891,260,1.64703285694122,7.18311452865601,2980,68,48,10,10,10,"Platanillo1_3316",9,21,"15/07/2019","03/09/2019",50,42891,217.8125,59,450,646,656,"Cuniculus paca","Guagua","20/09/2019","00:10:00",1,"Mammalia","Rodentia","Cuniculidae","Cuniculus","Platanillo1_3316_09200057.JPG",48
43655,247.5,0.673996806144714,26.7049922943115,2981,68,49,11,11,11,"Platanillo1_3336",11,51,"15/07/2019","06/11/2019",114,43655,219.0625,18,7,NA,NA,NA,NA,NA,NA,NA,NA,NA,NA,NA,NA,49
42125,251,1.20003867149353,11.4285736083984,2980,68,50,12,12,12,"Platanillo2_2180",8,54,"14/07/2019","06/11/2019",115,42125,224.75,85,235,68,68,"Cuniculus paca","Guagua","26/07/2019","19:13:00",1,"Mammalia","Rodentia","Cuniculidae","Cuniculus","Platanillo2_2180_07260113.JPG",50
42125,251,1.20003867149353,11.4285736083984,2980,68,51,12,12,12,"Platanillo2_2180",8,54,"14/07/2019","06/11/2019",115,42125,224.75,85,235,69,69,"Cuniculus paca","Guagua","26/07/2019","19:13:00",1,"Mammalia","Rodentia","Cuniculidae","Cuniculus","Platanillo2_2180_07260114.JPG",51
42125,251,1.20003867149353,11.4285736083984,2980,68,52,12,12,12,"Platanillo2_2180",8,54,"14/07/2019","06/11/2019",115,42125,224.75,85,235,70,70,"Cuniculus paca","Guagua","26/07/2019","19:13:00",1,"Mammalia","Rodentia","Cuniculidae","Cuniculus","Platanillo2_2180_07260115.JPG",52
42125,251,1.20003867149353,11.4285736083984,2980,68,53,12,12,12,"Platanillo2_2180",8,54,"14/07/2019","06/11/2019",115,42125,224.75,85,235,71,71,"Cuniculus paca","Guagua","6/08/2019","18:59:00",1,"Mammalia","Rodentia","Cuniculidae","Cuniculus","Platanillo2_2180_08060157.JPG",53
42125,251,1.20003867149353,11.4285736083984,2980,68,54,12,12,12,"Platanillo2_2180",8,54,"14/07/2019","06/11/2019",115,42125,224.75,85,235,72,72,"Cuniculus paca","Guagua","6/08/2019","18:59:00",1,"Mammalia","Rodentia","Cuniculidae","Cuniculus","Platanillo2_2180_08060158.JPG",54
42125,251,1.20003867149353,11.4285736083984,2980,68,55,12,12,12,"Platanillo2_2180",8,54,"14/07/2019","06/11/2019",115,42125,224.75,85,235,73,73,"Cuniculus paca","Guagua","6/08/2019","18:59:00",1,"Mammalia","Rodentia","Cuniculidae","Cuniculus","Platanillo2_2180_08060159.JPG",55
42125,251,1.20003867149353,11.4285736083984,2980,68,56,12,12,12,"Platanillo2_2180",8,54,"14/07/2019","06/11/2019",115,42125,224.75,85,235,74,74,"Cuniculus paca","Guagua","1/09/2019","23:03:00",1,"Mammalia","Rodentia","Cuniculidae","Cuniculus","Platanillo2_2180_09010213.JPG",56
42125,251,1.20003867149353,11.4285736083984,2980,68,57,12,12,12,"Platanillo2_2180",8,54,"14/07/2019","06/11/2019",115,42125,224.75,85,235,75,75,"Cuniculus paca","Guagua","1/09/2019","23:03:00",1,"Mammalia","Rodentia","Cuniculidae","Cuniculus","Platanillo2_2180_09010214.JPG",57
42125,251,1.20003867149353,11.4285736083984,2980,68,58,12,12,12,"Platanillo2_2180",8,54,"14/07/2019","06/11/2019",115,42125,224.75,85,235,76,76,"Cuniculus paca","Guagua","1/09/2019","23:03:00",1,"Mammalia","Rodentia","Cuniculidae","Cuniculus","Platanillo2_2180_09010215.JPG",58
42125,251,1.20003867149353,11.4285736083984,2980,68,59,12,12,12,"Platanillo2_2180",8,54,"14/07/2019","06/11/2019",115,42125,224.75,85,235,424,424,"Cuniculus paca","Guagua","22/09/2019","19:07:00",1,"Mammalia","Rodentia","Cuniculidae","Cuniculus","Platanillo2_2180_09220053.JPG",59
42125,251,1.20003867149353,11.4285736083984,2980,68,60,12,12,12,"Platanillo2_2180",8,54,"14/07/2019","06/11/2019",115,42125,224.75,85,235,425,425,"Cuniculus paca","Guagua","22/09/2019","19:07:00",1,"Mammalia","Rodentia","Cuniculidae","Cuniculus","Platanillo2_2180_09220054.JPG",60
42125,251,1.20003867149353,11.4285736083984,2980,68,61,12,12,12,"Platanillo2_2180",8,54,"14/07/2019","06/11/2019",115,42125,224.75,85,235,426,426,"Cuniculus paca","Guagua","22/09/2019","19:07:00",1,"Mammalia","Rodentia","Cuniculidae","Cuniculus","Platanillo2_2180_09220055.JPG",61
42125,251,1.20003867149353,11.4285736083984,2980,68,62,12,12,12,"Platanillo2_2180",8,54,"14/07/2019","06/11/2019",115,42125,224.75,85,235,432,432,"Cuniculus paca","Guagua","10/10/2019","03:32:00",1,"Mammalia","Rodentia","Cuniculidae","Cuniculus","Platanillo2_2180_10100085.JPG",62
42125,251,1.20003867149353,11.4285736083984,2980,68,63,12,12,12,"Platanillo2_2180",8,54,"14/07/2019","06/11/2019",115,42125,224.75,85,235,433,433,"Cuniculus paca","Guagua","10/10/2019","03:32:00",1,"Mammalia","Rodentia","Cuniculidae","Cuniculus","Platanillo2_2180_10100086.JPG",63
42125,251,1.20003867149353,11.4285736083984,2980,68,64,12,12,12,"Platanillo2_2180",8,54,"14/07/2019","06/11/2019",115,42125,224.75,85,235,434,434,"Cuniculus paca","Guagua","10/10/2019","03:32:00",1,"Mammalia","Rodentia","Cuniculidae","Cuniculus","Platanillo2_2180_10100087.JPG",64
41743,256.5,0.998074650764465,11.4515419006348,2980,68,65,13,13,13,"Platanillo2_3312",6,23,"14/07/2019","06/11/2019",115,41743,220.625,37,129,91,91,"Cuniculus paca","Guagua","22/07/2019","01:59:00",1,"Mammalia","Rodentia","Cuniculidae","Cuniculus","Platanillo2_3312_07220013.JPG",65
41743,256.5,0.998074650764465,11.4515419006348,2980,68,66,13,13,13,"Platanillo2_3312",6,23,"14/07/2019","06/11/2019",115,41743,220.625,37,129,92,92,"Cuniculus paca","Guagua","26/07/2019","22:22:00",1,"Mammalia","Rodentia","Cuniculidae","Cuniculus","Platanillo2_3312_07260025.JPG",66
41743,256.5,0.998074650764465,11.4515419006348,2980,68,67,13,13,13,"Platanillo2_3312",6,23,"14/07/2019","06/11/2019",115,41743,220.625,37,129,93,93,"Cuniculus paca","Guagua","14/08/2019","21:09:00",1,"Mammalia","Rodentia","Cuniculidae","Cuniculus","Platanillo2_3312_08140117.JPG",67
41743,256.5,0.998074650764465,11.4515419006348,2980,68,68,13,13,13,"Platanillo2_3312",6,23,"14/07/2019","06/11/2019",115,41743,220.625,37,129,94,94,"Cuniculus paca","Guagua","15/08/2019","19:41:00",1,"Mammalia","Rodentia","Cuniculidae","Cuniculus","Platanillo2_3312_08150118.JPG",68
41743,256.5,0.998074650764465,11.4515419006348,2980,68,69,13,13,13,"Platanillo2_3312",6,23,"14/07/2019","06/11/2019",115,41743,220.625,37,129,95,95,"Cuniculus paca","Guagua","20/08/2019","19:40:00",1,"Mammalia","Rodentia","Cuniculidae","Cuniculus","Platanillo2_3312_08200133.JPG",69
41743,256.5,0.998074650764465,11.4515419006348,2980,68,70,13,13,13,"Platanillo2_3312",6,23,"14/07/2019","06/11/2019",115,41743,220.625,37,129,96,96,"Cuniculus paca","Guagua","25/08/2019","19:00:00",1,"Mammalia","Rodentia","Cuniculidae","Cuniculus","Platanillo2_3312_08250163.JPG",70
42127,250,0.876071214675903,9.83807754516602,2981,68,71,14,14,14,"Platanillo2_3317",7,26,"13/07/2019","06/11/2019",116,42127,222.8125,36,173,458,458,"Cuniculus paca","Guagua","19/09/2019","21:44:00",1,"Mammalia","Rodentia","Cuniculidae","Cuniculus","Platanillo2_3317_09190289.JPG",71
42127,250,0.876071214675903,9.83807754516602,2981,68,72,14,14,14,"Platanillo2_3317",7,26,"13/07/2019","06/11/2019",116,42127,222.8125,36,173,461,461,"Cuniculus paca","Guagua","20/09/2019","19:21:00",1,"Mammalia","Rodentia","Cuniculidae","Cuniculus","Platanillo2_3317_09200457.JPG",72
42127,250,0.876071214675903,9.83807754516602,2981,68,73,14,14,14,"Platanillo2_3317",7,26,"13/07/2019","06/11/2019",116,42127,222.8125,36,173,464,464,"Cuniculus paca","Guagua","25/09/2019","21:26:00",1,"Mammalia","Rodentia","Cuniculidae","Cuniculus","Platanillo2_3317_09250549.JPG",73
42509,245.5,0.875466704368591,26.0279502868652,2981,68,74,15,15,15,"Platanillo2_3319",10,59,"13/07/2019","06/11/2019",116,42509,218.8125,85,165,98,98,"Cuniculus paca","Guagua","16/07/2019","07:56:00",1,"Mammalia","Rodentia","Cuniculidae","Cuniculus","Platanillo2_3319_01020001.JPG",74
42509,245.5,0.875466704368591,26.0279502868652,2981,68,75,15,15,15,"Platanillo2_3319",10,59,"13/07/2019","06/11/2019",116,42509,218.8125,85,165,99,99,"Cuniculus paca","Guagua","16/07/2019","11:45:00",1,"Mammalia","Rodentia","Cuniculidae","Cuniculus","Platanillo2_3319_01020004.JPG",75
42509,245.5,0.875466704368591,26.0279502868652,2981,68,76,15,15,15,"Platanillo2_3319",10,59,"13/07/2019","06/11/2019",116,42509,218.8125,85,165,100,100,"Cuniculus paca","Guagua","20/07/2019","14:01:00",1,"Mammalia","Rodentia","Cuniculidae","Cuniculus","Platanillo2_3319_01060040.JPG",76
42509,245.5,0.875466704368591,26.0279502868652,2981,68,77,15,15,15,"Platanillo2_3319",10,59,"13/07/2019","06/11/2019",116,42509,218.8125,85,165,101,101,"Cuniculus paca","Guagua","31/07/2019","15:41:00",1,"Mammalia","Rodentia","Cuniculidae","Cuniculus","Platanillo2_3319_01170067.JPG",77
42509,245.5,0.875466704368591,26.0279502868652,2981,68,78,15,15,15,"Platanillo2_3319",10,59,"13/07/2019","06/11/2019",116,42509,218.8125,85,165,102,102,"Cuniculus paca","Guagua","1/08/2019","16:07:00",1,"Mammalia","Rodentia","Cuniculidae","Cuniculus","Platanillo2_3319_01180075.JPG",78
42509,245.5,0.875466704368591,26.0279502868652,2981,68,79,15,15,15,"Platanillo2_3319",10,59,"13/07/2019","06/11/2019",116,42509,218.8125,85,165,103,103,"Cuniculus paca","Guagua","7/08/2019","07:20:00",1,"Mammalia","Rodentia","Cuniculidae","Cuniculus","Platanillo2_3319_01240115.JPG",79
42509,245.5,0.875466704368591,26.0279502868652,2981,68,80,15,15,15,"Platanillo2_3319",10,59,"13/07/2019","06/11/2019",116,42509,218.8125,85,165,104,104,"Cuniculus paca","Guagua","7/08/2019","11:28:00",1,"Mammalia","Rodentia","Cuniculidae","Cuniculus","Platanillo2_3319_01240118.JPG",80
42509,245.5,0.875466704368591,26.0279502868652,2981,68,81,15,15,15,"Platanillo2_3319",10,59,"13/07/2019","06/11/2019",116,42509,218.8125,85,165,105,105,"Cuniculus paca","Guagua","9/08/2019","08:05:00",1,"Mammalia","Rodentia","Cuniculidae","Cuniculus","Platanillo2_3319_01260121.JPG",81
42509,245.5,0.875466704368591,26.0279502868652,2981,68,82,15,15,15,"Platanillo2_3319",10,59,"13/07/2019","06/11/2019",116,42509,218.8125,85,165,106,106,"Cuniculus paca","Guagua","13/08/2019","16:35:00",1,"Mammalia","Rodentia","Cuniculidae","Cuniculus","Platanillo2_3319_01300126.JPG",82
42509,245.5,0.875466704368591,26.0279502868652,2981,68,83,15,15,15,"Platanillo2_3319",10,59,"13/07/2019","06/11/2019",116,42509,218.8125,85,165,107,107,"Cuniculus paca","Guagua","14/08/2019","08:14:00",1,"Mammalia","Rodentia","Cuniculidae","Cuniculus","Platanillo2_3319_01310127.JPG",83
42509,245.5,0.875466704368591,26.0279502868652,2981,68,84,15,15,15,"Platanillo2_3319",10,59,"13/07/2019","06/11/2019",116,42509,218.8125,85,165,108,108,"Cuniculus paca","Guagua","16/08/2019","07:58:00",1,"Mammalia","Rodentia","Cuniculidae","Cuniculus","Platanillo2_3319_02020130.JPG",84
42509,245.5,0.875466704368591,26.0279502868652,2981,68,85,15,15,15,"Platanillo2_3319",10,59,"13/07/2019","06/11/2019",116,42509,218.8125,85,165,109,109,"Cuniculus paca","Guagua","16/08/2019","17:31:00",1,"Mammalia","Rodentia","Cuniculidae","Cuniculus","Platanillo2_3319_02020133.JPG",85
42509,245.5,0.875466704368591,26.0279502868652,2981,68,86,15,15,15,"Platanillo2_3319",10,59,"13/07/2019","06/11/2019",116,42509,218.8125,85,165,110,110,"Cuniculus paca","Guagua","19/08/2019","13:31:00",1,"Mammalia","Rodentia","Cuniculidae","Cuniculus","Platanillo2_3319_02050156.JPG",86
42509,245.5,0.875466704368591,26.0279502868652,2981,68,87,15,15,15,"Platanillo2_3319",10,59,"13/07/2019","06/11/2019",116,42509,218.8125,85,165,111,111,"Cuniculus paca","Guagua","23/08/2019","08:11:00",1,"Mammalia","Rodentia","Cuniculidae","Cuniculus","Platanillo2_3319_02090160.JPG",87
42509,245.5,0.875466704368591,26.0279502868652,2981,68,88,15,15,15,"Platanillo2_3319",10,59,"13/07/2019","06/11/2019",116,42509,218.8125,85,165,488,488,"Cuniculus paca","Guagua","25/09/2019","10:32:00",1,"Mammalia","Rodentia","Cuniculidae","Cuniculus","Platanillo2_3319_09250124.JPG",88
42509,245.5,0.875466704368591,26.0279502868652,2981,68,89,15,15,15,"Platanillo2_3319",10,59,"13/07/2019","06/11/2019",116,42509,218.8125,85,165,500,500,"Cuniculus paca","Guagua","21/10/2019","10:47:00",1,"Mammalia","Rodentia","Cuniculidae","Cuniculus","Platanillo2_3319_10210181.JPG",89
42507,258,0.823459506034851,12.7892742156982,2980,68,90,16,16,16,"Platanillo2_3321",10,64,"14/07/2019","07/11/2019",116,42507,227.125,51,471,112,112,"Cuniculus paca","Guagua","24/07/2019","19:56:00",1,"Mammalia","Rodentia","Cuniculidae","Cuniculus","Platanillo2_3321_07240016.JPG",90
42507,258,0.823459506034851,12.7892742156982,2980,68,91,16,16,16,"Platanillo2_3321",10,64,"14/07/2019","07/11/2019",116,42507,227.125,51,471,113,113,"Cuniculus paca","Guagua","28/07/2019","02:01:00",1,"Mammalia","Rodentia","Cuniculidae","Cuniculus","Platanillo2_3321_07280028.JPG",91
42507,258,0.823459506034851,12.7892742156982,2980,68,92,16,16,16,"Platanillo2_3321",10,64,"14/07/2019","07/11/2019",116,42507,227.125,51,471,114,114,"Cuniculus paca","Guagua","29/07/2019","03:55:00",1,"Mammalia","Rodentia","Cuniculidae","Cuniculus","Platanillo2_3321_07290031.JPG",92
42507,258,0.823459506034851,12.7892742156982,2980,68,93,16,16,16,"Platanillo2_3321",10,64,"14/07/2019","07/11/2019",116,42507,227.125,51,471,115,115,"Cuniculus paca","Guagua","30/07/2019","21:29:00",1,"Mammalia","Rodentia","Cuniculidae","Cuniculus","Platanillo2_3321_07300034.JPG",93
42507,258,0.823459506034851,12.7892742156982,2980,68,94,16,16,16,"Platanillo2_3321",10,64,"14/07/2019","07/11/2019",116,42507,227.125,51,471,116,116,"Cuniculus paca","Guagua","3/08/2019","00:37:00",1,"Mammalia","Rodentia","Cuniculidae","Cuniculus","Platanillo2_3321_08030037.JPG",94
42507,258,0.823459506034851,12.7892742156982,2980,68,95,16,16,16,"Platanillo2_3321",10,64,"14/07/2019","07/11/2019",116,42507,227.125,51,471,117,117,"Cuniculus paca","Guagua","7/08/2019","01:37:00",1,"Mammalia","Rodentia","Cuniculidae","Cuniculus","Platanillo2_3321_08070058.JPG",95
42507,258,0.823459506034851,12.7892742156982,2980,68,96,16,16,16,"Platanillo2_3321",10,64,"14/07/2019","07/11/2019",116,42507,227.125,51,471,118,118,"Cuniculus paca","Guagua","12/08/2019","23:41:00",1,"Mammalia","Rodentia","Cuniculidae","Cuniculus","Platanillo2_3321_08120070.JPG",96
42507,258,0.823459506034851,12.7892742156982,2980,68,97,16,16,16,"Platanillo2_3321",10,64,"14/07/2019","07/11/2019",116,42507,227.125,51,471,119,119,"Cuniculus paca","Guagua","20/08/2019","00:15:00",1,"Mammalia","Rodentia","Cuniculidae","Cuniculus","Platanillo2_3321_08200082.JPG",97
42507,258,0.823459506034851,12.7892742156982,2980,68,98,16,16,16,"Platanillo2_3321",10,64,"14/07/2019","07/11/2019",116,42507,227.125,51,471,120,120,"Cuniculus paca","Guagua","20/08/2019","00:15:00",1,"Mammalia","Rodentia","Cuniculidae","Cuniculus","Platanillo2_3321_08200083.JPG",98
42507,258,0.823459506034851,12.7892742156982,2980,68,99,16,16,16,"Platanillo2_3321",10,64,"14/07/2019","07/11/2019",116,42507,227.125,51,471,121,121,"Cuniculus paca","Guagua","20/08/2019","23:52:00",1,"Mammalia","Rodentia","Cuniculidae","Cuniculus","Platanillo2_3321_08200085.JPG",99
42507,258,0.823459506034851,12.7892742156982,2980,68,100,16,16,16,"Platanillo2_3321",10,64,"14/07/2019","07/11/2019",116,42507,227.125,51,471,122,122,"Cuniculus paca","Guagua","23/08/2019","23:41:00",1,"Mammalia","Rodentia","Cuniculidae","Cuniculus","Platanillo2_3321_08230103.JPG",100
42507,258,0.823459506034851,12.7892742156982,2980,68,101,16,16,16,"Platanillo2_3321",10,64,"14/07/2019","07/11/2019",116,42507,227.125,51,471,123,123,"Cuniculus paca","Guagua","24/08/2019","23:28:00",1,"Mammalia","Rodentia","Cuniculidae","Cuniculus","Platanillo2_3321_08240110.JPG",101
42507,258,0.823459506034851,12.7892742156982,2980,68,102,16,16,16,"Platanillo2_3321",10,64,"14/07/2019","07/11/2019",116,42507,227.125,51,471,124,124,"Cuniculus paca","Guagua","25/08/2019","01:40:00",1,"Mammalia","Rodentia","Cuniculidae","Cuniculus","Platanillo2_3321_08250112.JPG",102
42507,258,0.823459506034851,12.7892742156982,2980,68,103,16,16,16,"Platanillo2_3321",10,64,"14/07/2019","07/11/2019",116,42507,227.125,51,471,125,125,"Cuniculus paca","Guagua","25/08/2019","03:10:00",1,"Mammalia","Rodentia","Cuniculidae","Cuniculus","Platanillo2_3321_08250118.JPG",103
42507,258,0.823459506034851,12.7892742156982,2980,68,104,16,16,16,"Platanillo2_3321",10,64,"14/07/2019","07/11/2019",116,42507,227.125,51,471,126,126,"Cuniculus paca","Guagua","26/08/2019","02:59:00",1,"Mammalia","Rodentia","Cuniculidae","Cuniculus","Platanillo2_3321_08260124.JPG",104
42507,258,0.823459506034851,12.7892742156982,2980,68,105,16,16,16,"Platanillo2_3321",10,64,"14/07/2019","07/11/2019",116,42507,227.125,51,471,127,127,"Cuniculus paca","Guagua","27/08/2019","03:53:00",1,"Mammalia","Rodentia","Cuniculidae","Cuniculus","Platanillo2_3321_08270127.JPG",105
42507,258,0.823459506034851,12.7892742156982,2980,68,106,16,16,16,"Platanillo2_3321",10,64,"14/07/2019","07/11/2019",116,42507,227.125,51,471,128,128,"Cuniculus paca","Guagua","29/08/2019","03:12:00",1,"Mammalia","Rodentia","Cuniculidae","Cuniculus","Platanillo2_3321_08290130.JPG",106
42507,258,0.823459506034851,12.7892742156982,2980,68,107,16,16,16,"Platanillo2_3321",10,64,"14/07/2019","07/11/2019",116,42507,227.125,51,471,129,129,"Cuniculus paca","Guagua","30/08/2019","01:42:00",1,"Mammalia","Rodentia","Cuniculidae","Cuniculus","Platanillo2_3321_08300133.JPG",107
42507,258,0.823459506034851,12.7892742156982,2980,68,108,16,16,16,"Platanillo2_3321",10,64,"14/07/2019","07/11/2019",116,42507,227.125,51,471,505,505,"Cuniculus paca","Guagua","2/09/2019","19:04:00",1,"Mammalia","Rodentia","Cuniculidae","Cuniculus","Platanillo2_3321_09020001.JPG",108
42507,258,0.823459506034851,12.7892742156982,2980,68,109,16,16,16,"Platanillo2_3321",10,64,"14/07/2019","07/11/2019",116,42507,227.125,51,471,506,506,"Cuniculus paca","Guagua","5/09/2019","03:57:00",1,"Mammalia","Rodentia","Cuniculidae","Cuniculus","Platanillo2_3321_09050019.JPG",109
42507,258,0.823459506034851,12.7892742156982,2980,68,110,16,16,16,"Platanillo2_3321",10,64,"14/07/2019","07/11/2019",116,42507,227.125,51,471,507,507,"Cuniculus paca","Guagua","5/09/2019","22:40:00",1,"Mammalia","Rodentia","Cuniculidae","Cuniculus","Platanillo2_3321_09050023.JPG",110
42507,258,0.823459506034851,12.7892742156982,2980,68,111,16,16,16,"Platanillo2_3321",10,64,"14/07/2019","07/11/2019",116,42507,227.125,51,471,508,508,"Cuniculus paca","Guagua","6/09/2019","03:58:00",1,"Mammalia","Rodentia","Cuniculidae","Cuniculus","Platanillo2_3321_09060025.JPG",111
42507,258,0.823459506034851,12.7892742156982,2980,68,112,16,16,16,"Platanillo2_3321",10,64,"14/07/2019","07/11/2019",116,42507,227.125,51,471,509,509,"Cuniculus paca","Guagua","6/09/2019","04:11:00",1,"Mammalia","Rodentia","Cuniculidae","Cuniculus","Platanillo2_3321_09060028.JPG",112
42507,258,0.823459506034851,12.7892742156982,2980,68,113,16,16,16,"Platanillo2_3321",10,64,"14/07/2019","07/11/2019",116,42507,227.125,51,471,510,510,"Cuniculus paca","Guagua","7/09/2019","03:10:00",1,"Mammalia","Rodentia","Cuniculidae","Cuniculus","Platanillo2_3321_09070031.JPG",113
42507,258,0.823459506034851,12.7892742156982,2980,68,114,16,16,16,"Platanillo2_3321",10,64,"14/07/2019","07/11/2019",116,42507,227.125,51,471,511,511,"Cuniculus paca","Guagua","7/09/2019","03:17:00",1,"Mammalia","Rodentia","Cuniculidae","Cuniculus","Platanillo2_3321_09070034.JPG",114
42507,258,0.823459506034851,12.7892742156982,2980,68,115,16,16,16,"Platanillo2_3321",10,64,"14/07/2019","07/11/2019",116,42507,227.125,51,471,516,516,"Cuniculus paca","Guagua","19/09/2019","21:23:00",1,"Mammalia","Rodentia","Cuniculidae","Cuniculus","Platanillo2_3321_09190079.JPG",115
42507,258,0.823459506034851,12.7892742156982,2980,68,116,16,16,16,"Platanillo2_3321",10,64,"14/07/2019","07/11/2019",116,42507,227.125,51,471,519,519,"Cuniculus paca","Guagua","25/09/2019","21:11:00",1,"Mammalia","Rodentia","Cuniculidae","Cuniculus","Platanillo2_3321_09250094.JPG",116
42507,258,0.823459506034851,12.7892742156982,2980,68,117,16,16,16,"Platanillo2_3321",10,64,"14/07/2019","07/11/2019",116,42507,227.125,51,471,521,521,"Cuniculus paca","Guagua","30/09/2019","20:13:00",1,"Mammalia","Rodentia","Cuniculidae","Cuniculus","Platanillo2_3321_09300103.JPG",117
42507,258,0.823459506034851,12.7892742156982,2980,68,118,16,16,16,"Platanillo2_3321",10,64,"14/07/2019","07/11/2019",116,42507,227.125,51,471,522,522,"Cuniculus paca","Guagua","30/09/2019","22:57:00",1,"Mammalia","Rodentia","Cuniculidae","Cuniculus","Platanillo2_3321_09300106.JPG",118
42507,258,0.823459506034851,12.7892742156982,2980,68,119,16,16,16,"Platanillo2_3321",10,64,"14/07/2019","07/11/2019",116,42507,227.125,51,471,525,525,"Cuniculus paca","Guagua","7/10/2019","22:03:00",1,"Mammalia","Rodentia","Cuniculidae","Cuniculus","Platanillo2_3321_10070118.JPG",119
42507,258,0.823459506034851,12.7892742156982,2980,68,120,16,16,16,"Platanillo2_3321",10,64,"14/07/2019","07/11/2019",116,42507,227.125,51,471,526,526,"Cuniculus paca","Guagua","11/10/2019","02:07:00",1,"Mammalia","Rodentia","Cuniculidae","Cuniculus","Platanillo2_3321_10110121.JPG",120
42507,258,0.823459506034851,12.7892742156982,2980,68,121,16,16,16,"Platanillo2_3321",10,64,"14/07/2019","07/11/2019",116,42507,227.125,51,471,529,529,"Cuniculus paca","Guagua","16/10/2019","19:05:00",1,"Mammalia","Rodentia","Cuniculidae","Cuniculus","Platanillo2_3321_10160144.JPG",121
42507,258,0.823459506034851,12.7892742156982,2980,68,122,16,16,16,"Platanillo2_3321",10,64,"14/07/2019","07/11/2019",116,42507,227.125,51,471,532,532,"Cuniculus paca","Guagua","18/10/2019","21:39:00",1,"Mammalia","Rodentia","Cuniculidae","Cuniculus","Platanillo2_3321_10180154.JPG",122
42507,258,0.823459506034851,12.7892742156982,2980,68,123,16,16,16,"Platanillo2_3321",10,64,"14/07/2019","07/11/2019",116,42507,227.125,51,471,537,537,"Cuniculus paca","Guagua","24/10/2019","19:08:00",1,"Mammalia","Rodentia","Cuniculidae","Cuniculus","Platanillo2_3321_10240172.JPG",123
42507,258,0.823459506034851,12.7892742156982,2980,68,124,16,16,16,"Platanillo2_3321",10,64,"14/07/2019","07/11/2019",116,42507,227.125,51,471,538,538,"Cuniculus paca","Guagua","24/10/2019","23:35:00",1,"Mammalia","Rodentia","Cuniculidae","Cuniculus","Platanillo2_3321_10240175.JPG",124
42507,258,0.823459506034851,12.7892742156982,2980,68,125,16,16,16,"Platanillo2_3321",10,64,"14/07/2019","07/11/2019",116,42507,227.125,51,471,539,539,"Cuniculus paca","Guagua","25/10/2019","20:50:00",1,"Mammalia","Rodentia","Cuniculidae","Cuniculus","Platanillo2_3321_10250181.JPG",125
42507,258,0.823459506034851,12.7892742156982,2980,68,126,16,16,16,"Platanillo2_3321",10,64,"14/07/2019","07/11/2019",116,42507,227.125,51,471,540,540,"Cuniculus paca","Guagua","27/10/2019","20:48:00",1,"Mammalia","Rodentia","Cuniculidae","Cuniculus","Platanillo2_3321_10270185.JPG",126
42507,258,0.823459506034851,12.7892742156982,2980,68,127,16,16,16,"Platanillo2_3321",10,64,"14/07/2019","07/11/2019",116,42507,227.125,51,471,541,541,"Cuniculus paca","Guagua","7/11/2019","01:13:00",1,"Mammalia","Rodentia","Cuniculidae","Cuniculus","Platanillo2_3321_11070205.JPG",127
41745,263,1.14724457263947,8.75150871276855,2980,68,128,17,17,17,"Platanillo2_3333",8,16,"13/07/2019","07/11/2019",117,41745,218.125,1,412,157,157,"Cuniculus paca","Guagua","28/08/2019","19:03:00",1,"Mammalia","Rodentia","Cuniculidae","Cuniculus","Platanillo2_3333_08280041.JPG",128
41745,263,1.14724457263947,8.75150871276855,2980,68,129,17,17,17,"Platanillo2_3333",8,16,"13/07/2019","07/11/2019",117,41745,218.125,1,412,544,544,"Cuniculus paca","Guagua","26/09/2019","19:14:00",1,"Mammalia","Rodentia","Cuniculidae","Cuniculus","Platanillo2_3333_09260033.JPG",129
41745,263,1.14724457263947,8.75150871276855,2980,68,130,17,17,17,"Platanillo2_3333",8,16,"13/07/2019","07/11/2019",117,41745,218.125,1,412,549,549,"Cuniculus paca","Guagua","29/10/2019","21:59:00",1,"Mammalia","Rodentia","Cuniculidae","Cuniculus","Platanillo2_3333_10290097.JPG",130
41363,262,0.852509260177612,7.08990383148193,2980,68,131,18,18,18,"Platanillo3_3309",8,34,"12/07/2019","07/11/2019",118,41363,210.9375,4,480,77,77,"Cuniculus paca","Guagua","12/07/2019","19:29:00",1,"Mammalia","Rodentia","Cuniculidae","Cuniculus","Platanillo3_3309_07120007.JPG",131
41363,262,0.852509260177612,7.08990383148193,2980,68,132,18,18,18,"Platanillo3_3309",8,34,"12/07/2019","07/11/2019",118,41363,210.9375,4,480,78,78,"Cuniculus paca","Guagua","14/07/2019","04:00:00",1,"Mammalia","Rodentia","Cuniculidae","Cuniculus","Platanillo3_3309_07140018.JPG",132
41363,262,0.852509260177612,7.08990383148193,2980,68,133,18,18,18,"Platanillo3_3309",8,34,"12/07/2019","07/11/2019",118,41363,210.9375,4,480,79,79,"Cuniculus paca","Guagua","18/07/2019","19:05:00",1,"Mammalia","Rodentia","Cuniculidae","Cuniculus","Platanillo3_3309_07180025.JPG",133
41363,262,0.852509260177612,7.08990383148193,2980,68,134,18,18,18,"Platanillo3_3309",8,34,"12/07/2019","07/11/2019",118,41363,210.9375,4,480,80,80,"Cuniculus paca","Guagua","27/07/2019","04:42:00",1,"Mammalia","Rodentia","Cuniculidae","Cuniculus","Platanillo3_3309_07270094.JPG",134
41363,262,0.852509260177612,7.08990383148193,2980,68,135,18,18,18,"Platanillo3_3309",8,34,"12/07/2019","07/11/2019",118,41363,210.9375,4,480,81,81,"Cuniculus paca","Guagua","30/07/2019","04:30:00",1,"Mammalia","Rodentia","Cuniculidae","Cuniculus","Platanillo3_3309_07300100.JPG",135
41363,262,0.852509260177612,7.08990383148193,2980,68,136,18,18,18,"Platanillo3_3309",8,34,"12/07/2019","07/11/2019",118,41363,210.9375,4,480,82,82,"Cuniculus paca","Guagua","31/07/2019","19:52:00",1,"Mammalia","Rodentia","Cuniculidae","Cuniculus","Platanillo3_3309_07310109.JPG",136
41363,262,0.852509260177612,7.08990383148193,2980,68,137,18,18,18,"Platanillo3_3309",8,34,"12/07/2019","07/11/2019",118,41363,210.9375,4,480,83,83,"Cuniculus paca","Guagua","18/08/2019","19:10:00",1,"Mammalia","Rodentia","Cuniculidae","Cuniculus","Platanillo3_3309_08180199.JPG",137
41363,262,0.852509260177612,7.08990383148193,2980,68,138,18,18,18,"Platanillo3_3309",8,34,"12/07/2019","07/11/2019",118,41363,210.9375,4,480,84,84,"Cuniculus paca","Guagua","20/08/2019","20:09:00",1,"Mammalia","Rodentia","Cuniculidae","Cuniculus","Platanillo3_3309_08200205.JPG",138
41363,262,0.852509260177612,7.08990383148193,2980,68,139,18,18,18,"Platanillo3_3309",8,34,"12/07/2019","07/11/2019",118,41363,210.9375,4,480,85,85,"Cuniculus paca","Guagua","21/08/2019","00:26:00",1,"Mammalia","Rodentia","Cuniculidae","Cuniculus","Platanillo3_3309_08210208.JPG",139
41363,262,0.852509260177612,7.08990383148193,2980,68,140,18,18,18,"Platanillo3_3309",8,34,"12/07/2019","07/11/2019",118,41363,210.9375,4,480,86,86,"Cuniculus paca","Guagua","25/08/2019","01:04:00",1,"Mammalia","Rodentia","Cuniculidae","Cuniculus","Platanillo3_3309_08250220.JPG",140
41363,262,0.852509260177612,7.08990383148193,2980,68,141,18,18,18,"Platanillo3_3309",8,34,"12/07/2019","07/11/2019",118,41363,210.9375,4,480,87,87,"Cuniculus paca","Guagua","27/08/2019","00:56:00",1,"Mammalia","Rodentia","Cuniculidae","Cuniculus","Platanillo3_3309_08270226.JPG",141
41363,262,0.852509260177612,7.08990383148193,2980,68,142,18,18,18,"Platanillo3_3309",8,34,"12/07/2019","07/11/2019",118,41363,210.9375,4,480,88,88,"Cuniculus paca","Guagua","28/08/2019","22:43:00",1,"Mammalia","Rodentia","Cuniculidae","Cuniculus","Platanillo3_3309_08280232.JPG",142
41363,262,0.852509260177612,7.08990383148193,2980,68,143,18,18,18,"Platanillo3_3309",8,34,"12/07/2019","07/11/2019",118,41363,210.9375,4,480,89,89,"Cuniculus paca","Guagua","29/08/2019","19:43:00",1,"Mammalia","Rodentia","Cuniculidae","Cuniculus","Platanillo3_3309_08290235.JPG",143
40599,267,0.590628623962402,8.57143020629883,2979,69,144,19,19,19,"Platanillo3_3311",5,6,"12/07/2019","06/11/2019",117,40599,222.3125,73,374,NA,NA,NA,NA,NA,NA,NA,NA,NA,NA,NA,NA,144
40981,268,0.437598943710327,36.7922554016113,2980,69,145,20,20,20,"Platanillo3_3323",1,1,"12/07/2019","06/11/2019",117,40981,212.125,59,81,NA,NA,NA,NA,NA,NA,NA,NA,NA,NA,NA,NA,145
40979,263,1.14285111427307,24.1672763824463,2980,68,146,21,21,21,"Platanillo3_3324",8,30,"11/07/2019","19/11/2019",131,40979,222.6875,46,159,NA,NA,NA,NA,NA,NA,NA,NA,NA,NA,NA,NA,146
40597,268,0.489148914813995,23.6760749816895,2979,68,147,22,22,22,"Platanillo3_3326",2,48,"12/07/2019","06/11/2019",117,40597,213.9375,84,227,130,130,"Cuniculus paca","Guagua","7/08/2019","02:44:00",1,"Mammalia","Rodentia","Cuniculidae","Cuniculus","Platanillo3_3326_08070109.JPG",147
40597,268,0.489148914813995,23.6760749816895,2979,68,148,22,22,22,"Platanillo3_3326",2,48,"12/07/2019","06/11/2019",117,40597,213.9375,84,227,131,131,"Cuniculus paca","Guagua","12/08/2019","04:24:00",1,"Mammalia","Rodentia","Cuniculidae","Cuniculus","Platanillo3_3326_08120112.JPG",148
40597,268,0.489148914813995,23.6760749816895,2979,68,149,22,22,22,"Platanillo3_3326",2,48,"12/07/2019","06/11/2019",117,40597,213.9375,84,227,132,132,"Cuniculus paca","Guagua","23/08/2019","03:03:00",1,"Mammalia","Rodentia","Cuniculidae","Cuniculus","Platanillo3_3326_08230181.JPG",149
40597,268,0.489148914813995,23.6760749816895,2979,68,150,22,22,22,"Platanillo3_3326",2,48,"12/07/2019","06/11/2019",117,40597,213.9375,84,227,133,133,"Cuniculus paca","Guagua","24/08/2019","17:43:00",1,"Mammalia","Rodentia","Cuniculidae","Cuniculus","Platanillo3_3326_08240190.JPG",150
40597,268,0.489148914813995,23.6760749816895,2979,68,151,22,22,22,"Platanillo3_3326",2,48,"12/07/2019","06/11/2019",117,40597,213.9375,84,227,134,134,"Cuniculus paca","Guagua","27/08/2019","02:54:00",1,"Mammalia","Rodentia","Cuniculidae","Cuniculus","Platanillo3_3326_08270193.JPG",151
40597,268,0.489148914813995,23.6760749816895,2979,68,152,22,22,22,"Platanillo3_3326",2,48,"12/07/2019","06/11/2019",117,40597,213.9375,84,227,135,135,"Cuniculus paca","Guagua","27/08/2019","21:53:00",1,"Mammalia","Rodentia","Cuniculidae","Cuniculus","Platanillo3_3326_08270202.JPG",152
40597,268,0.489148914813995,23.6760749816895,2979,68,153,22,22,22,"Platanillo3_3326",2,48,"12/07/2019","06/11/2019",117,40597,213.9375,84,227,136,136,"Cuniculus paca","Guagua","28/08/2019","01:43:00",1,"Mammalia","Rodentia","Cuniculidae","Cuniculus","Platanillo3_3326_08280208.JPG",153
40597,268,0.489148914813995,23.6760749816895,2979,68,154,22,22,22,"Platanillo3_3326",2,48,"12/07/2019","06/11/2019",117,40597,213.9375,84,227,137,137,"Cuniculus paca","Guagua","28/08/2019","21:21:00",1,"Mammalia","Rodentia","Cuniculidae","Cuniculus","Platanillo3_3326_08280222.JPG",154
40597,268,0.489148914813995,23.6760749816895,2979,68,155,22,22,22,"Platanillo3_3326",2,48,"12/07/2019","06/11/2019",117,40597,213.9375,84,227,138,138,"Cuniculus paca","Guagua","30/08/2019","01:30:00",1,"Mammalia","Rodentia","Cuniculidae","Cuniculus","Platanillo3_3326_08300256.JPG",155
40597,268,0.489148914813995,23.6760749816895,2979,68,156,22,22,22,"Platanillo3_3326",2,48,"12/07/2019","06/11/2019",117,40597,213.9375,84,227,139,139,"Cuniculus paca","Guagua","1/09/2019","00:56:00",1,"Mammalia","Rodentia","Cuniculidae","Cuniculus","Platanillo3_3326_09010277.JPG",156
40597,268,0.489148914813995,23.6760749816895,2979,68,157,22,22,22,"Platanillo3_3326",2,48,"12/07/2019","06/11/2019",117,40597,213.9375,84,227,570,580,"Cuniculus paca","Guagua","2/09/2019","01:23:00",1,"Mammalia","Rodentia","Cuniculidae","Cuniculus","Platanillo3_3326_09020025.JPG",157
40597,268,0.489148914813995,23.6760749816895,2979,68,158,22,22,22,"Platanillo3_3326",2,48,"12/07/2019","06/11/2019",117,40597,213.9375,84,227,571,581,"Cuniculus paca","Guagua","2/09/2019","22:47:00",1,"Mammalia","Rodentia","Cuniculidae","Cuniculus","Platanillo3_3326_09020031.JPG",158
40597,268,0.489148914813995,23.6760749816895,2979,68,159,22,22,22,"Platanillo3_3326",2,48,"12/07/2019","06/11/2019",117,40597,213.9375,84,227,572,582,"Cuniculus paca","Guagua","3/09/2019","21:52:00",1,"Mammalia","Rodentia","Cuniculidae","Cuniculus","Platanillo3_3326_09030037.JPG",159
40597,268,0.489148914813995,23.6760749816895,2979,68,160,22,22,22,"Platanillo3_3326",2,48,"12/07/2019","06/11/2019",117,40597,213.9375,84,227,573,583,"Cuniculus paca","Guagua","5/09/2019","23:31:00",1,"Mammalia","Rodentia","Cuniculidae","Cuniculus","Platanillo3_3326_09050046.JPG",160
40597,268,0.489148914813995,23.6760749816895,2979,68,161,22,22,22,"Platanillo3_3326",2,48,"12/07/2019","06/11/2019",117,40597,213.9375,84,227,591,601,"Cuniculus paca","Guagua","17/10/2019","22:40:00",1,"Mammalia","Rodentia","Cuniculidae","Cuniculus","Platanillo3_3326_10170283.JPG",161
40597,268,0.489148914813995,23.6760749816895,2979,68,162,22,22,22,"Platanillo3_3326",2,48,"12/07/2019","06/11/2019",117,40597,213.9375,84,227,592,602,"Cuniculus paca","Guagua","21/10/2019","11:39:00",1,"Mammalia","Rodentia","Cuniculidae","Cuniculus","Platanillo3_3326_10210294.JPG",162
40597,268,0.489148914813995,23.6760749816895,2979,68,163,22,22,22,"Platanillo3_3326",2,48,"12/07/2019","06/11/2019",117,40597,213.9375,84,227,593,603,"Cuniculus paca","Guagua","24/10/2019","15:12:00",1,"Mammalia","Rodentia","Cuniculidae","Cuniculus","Platanillo3_3326_10240298.JPG",163
40597,268,0.489148914813995,23.6760749816895,2979,68,164,22,22,22,"Platanillo3_3326",2,48,"12/07/2019","06/11/2019",117,40597,213.9375,84,227,594,604,"Cuniculus paca","Guagua","25/10/2019","10:12:00",1,"Mammalia","Rodentia","Cuniculidae","Cuniculus","Platanillo3_3326_10250309.JPG",164
41361,257.5,0.636098504066467,27.0490989685059,2980,68,165,23,23,23,"Platanillo3_3328",12,101,"11/07/2019","06/11/2019",118,41361,220.5625,33,368,140,140,"Cuniculus paca","Guagua","19/07/2019","20:16:00",1,"Mammalia","Rodentia","Cuniculidae","Cuniculus","Platanillo3_3328_07190085.JPG",165
41361,257.5,0.636098504066467,27.0490989685059,2980,68,166,23,23,23,"Platanillo3_3328",12,101,"11/07/2019","06/11/2019",118,41361,220.5625,33,368,141,141,"Cuniculus paca","Guagua","20/07/2019","19:47:00",1,"Mammalia","Rodentia","Cuniculidae","Cuniculus","Platanillo3_3328_07200105.JPG",166
41361,257.5,0.636098504066467,27.0490989685059,2980,68,167,23,23,23,"Platanillo3_3328",12,101,"11/07/2019","06/11/2019",118,41361,220.5625,33,368,142,142,"Cuniculus paca","Guagua","21/07/2019","22:25:00",1,"Mammalia","Rodentia","Cuniculidae","Cuniculus","Platanillo3_3328_07210113.JPG",167
41361,257.5,0.636098504066467,27.0490989685059,2980,68,168,23,23,23,"Platanillo3_3328",12,101,"11/07/2019","06/11/2019",118,41361,220.5625,33,368,143,143,"Cuniculus paca","Guagua","23/07/2019","20:58:00",1,"Mammalia","Rodentia","Cuniculidae","Cuniculus","Platanillo3_3328_07230117.JPG",168
41361,257.5,0.636098504066467,27.0490989685059,2980,68,169,23,23,23,"Platanillo3_3328",12,101,"11/07/2019","06/11/2019",118,41361,220.5625,33,368,144,144,"Cuniculus paca","Guagua","25/07/2019","22:54:00",1,"Mammalia","Rodentia","Cuniculidae","Cuniculus","Platanillo3_3328_07250209.JPG",169
41361,257.5,0.636098504066467,27.0490989685059,2980,68,170,23,23,23,"Platanillo3_3328",12,101,"11/07/2019","06/11/2019",118,41361,220.5625,33,368,145,145,"Cuniculus paca","Guagua","26/07/2019","00:11:00",1,"Mammalia","Rodentia","Cuniculidae","Cuniculus","Platanillo3_3328_07260233.JPG",170
41361,257.5,0.636098504066467,27.0490989685059,2980,68,171,23,23,23,"Platanillo3_3328",12,101,"11/07/2019","06/11/2019",118,41361,220.5625,33,368,146,146,"Cuniculus paca","Guagua","28/07/2019","19:03:00",1,"Mammalia","Rodentia","Cuniculidae","Cuniculus","Platanillo3_3328_07280317.JPG",171
41361,257.5,0.636098504066467,27.0490989685059,2980,68,172,23,23,23,"Platanillo3_3328",12,101,"11/07/2019","06/11/2019",118,41361,220.5625,33,368,147,147,"Cuniculus paca","Guagua","29/07/2019","01:21:00",1,"Mammalia","Rodentia","Cuniculidae","Cuniculus","Platanillo3_3328_07290321.JPG",172
41361,257.5,0.636098504066467,27.0490989685059,2980,68,173,23,23,23,"Platanillo3_3328",12,101,"11/07/2019","06/11/2019",118,41361,220.5625,33,368,148,148,"Cuniculus paca","Guagua","29/07/2019","23:48:00",1,"Mammalia","Rodentia","Cuniculidae","Cuniculus","Platanillo3_3328_07290337.JPG",173
41361,257.5,0.636098504066467,27.0490989685059,2980,68,174,23,23,23,"Platanillo3_3328",12,101,"11/07/2019","06/11/2019",118,41361,220.5625,33,368,149,149,"Cuniculus paca","Guagua","30/07/2019","22:35:00",1,"Mammalia","Rodentia","Cuniculidae","Cuniculus","Platanillo3_3328_07300393.JPG",174
41361,257.5,0.636098504066467,27.0490989685059,2980,68,175,23,23,23,"Platanillo3_3328",12,101,"11/07/2019","06/11/2019",118,41361,220.5625,33,368,150,150,"Cuniculus paca","Guagua","4/08/2019","23:17:00",1,"Mammalia","Rodentia","Cuniculidae","Cuniculus","Platanillo3_3328_08040489.JPG",175
41361,257.5,0.636098504066467,27.0490989685059,2980,68,176,23,23,23,"Platanillo3_3328",12,101,"11/07/2019","06/11/2019",118,41361,220.5625,33,368,151,151,"Cuniculus paca","Guagua","5/08/2019","22:42:00",1,"Mammalia","Rodentia","Cuniculidae","Cuniculus","Platanillo3_3328_08050501.JPG",176
41361,257.5,0.636098504066467,27.0490989685059,2980,68,177,23,23,23,"Platanillo3_3328",12,101,"11/07/2019","06/11/2019",118,41361,220.5625,33,368,152,152,"Cuniculus paca","Guagua","10/08/2019","02:41:00",1,"Mammalia","Rodentia","Cuniculidae","Cuniculus","Platanillo3_3328_08100581.JPG",177
41361,257.5,0.636098504066467,27.0490989685059,2980,68,178,23,23,23,"Platanillo3_3328",12,101,"11/07/2019","06/11/2019",118,41361,220.5625,33,368,153,153,"Cuniculus paca","Guagua","15/08/2019","20:15:00",1,"Mammalia","Rodentia","Cuniculidae","Cuniculus","Platanillo3_3328_08150629.JPG",178
41361,257.5,0.636098504066467,27.0490989685059,2980,68,179,23,23,23,"Platanillo3_3328",12,101,"11/07/2019","06/11/2019",118,41361,220.5625,33,368,154,154,"Cuniculus paca","Guagua","17/08/2019","20:45:00",1,"Mammalia","Rodentia","Cuniculidae","Cuniculus","Platanillo3_3328_08170645.JPG",179
41361,257.5,0.636098504066467,27.0490989685059,2980,68,180,23,23,23,"Platanillo3_3328",12,101,"11/07/2019","06/11/2019",118,41361,220.5625,33,368,155,155,"Cuniculus paca","Guagua","21/08/2019","22:01:00",1,"Mammalia","Rodentia","Cuniculidae","Cuniculus","Platanillo3_3328_08210693.JPG",180
41361,257.5,0.636098504066467,27.0490989685059,2980,68,181,23,23,23,"Platanillo3_3328",12,101,"11/07/2019","06/11/2019",118,41361,220.5625,33,368,156,156,"Cuniculus paca","Guagua","26/08/2019","21:02:00",1,"Mammalia","Rodentia","Cuniculidae","Cuniculus","Platanillo3_3328_08260717.JPG",181
41361,257.5,0.636098504066467,27.0490989685059,2980,68,182,23,23,23,"Platanillo3_3328",12,101,"11/07/2019","06/11/2019",118,41361,220.5625,33,368,596,606,"Cuniculus paca","Guagua","3/09/2019","22:35:00",1,"Mammalia","Rodentia","Cuniculidae","Cuniculus","Platanillo3_3328_09030022.JPG",182
41361,257.5,0.636098504066467,27.0490989685059,2980,68,183,23,23,23,"Platanillo3_3328",12,101,"11/07/2019","06/11/2019",118,41361,220.5625,33,368,597,607,"Cuniculus paca","Guagua","4/09/2019","22:53:00",1,"Mammalia","Rodentia","Cuniculidae","Cuniculus","Platanillo3_3328_09040028.JPG",183
41361,257.5,0.636098504066467,27.0490989685059,2980,68,184,23,23,23,"Platanillo3_3328",12,101,"11/07/2019","06/11/2019",118,41361,220.5625,33,368,616,626,"Cuniculus paca","Guagua","1/10/2019","00:42:00",1,"Mammalia","Rodentia","Cuniculidae","Cuniculus","Platanillo3_3328_10010200.JPG",184
46240,391.5,1.99314796924591,23.0160961151123,2976,72,185,24,24,24,"Rumiyaco1_3313",8,116,"25/07/2019","14/11/2019",112,46240,237.9375,80,280,NA,NA,NA,NA,NA,NA,NA,NA,NA,NA,NA,NA,185
45476,429,1.93773138523102,32.2425193786621,2974,72,186,25,25,25,"Rumiyaco1_3318",9,56,"24/07/2019","14/11/2019",113,45476,225.5625,53,372,691,701,"Cuniculus paca","Guagua","26/07/2019","00:34:00",1,"Mammalia","Rodentia","Cuniculidae","Cuniculus","Rumiyaco1_3318_07260016.JPG",186
45476,429,1.93773138523102,32.2425193786621,2974,72,187,25,25,25,"Rumiyaco1_3318",9,56,"24/07/2019","14/11/2019",113,45476,225.5625,53,372,694,704,"Cuniculus paca","Guagua","29/07/2019","22:55:00",1,"Mammalia","Rodentia","Cuniculidae","Cuniculus","Rumiyaco1_3318_07290063.JPG",187
45476,429,1.93773138523102,32.2425193786621,2974,72,188,25,25,25,"Rumiyaco1_3318",9,56,"24/07/2019","14/11/2019",113,45476,225.5625,53,372,696,706,"Cuniculus paca","Guagua","3/08/2019","19:23:00",1,"Mammalia","Rodentia","Cuniculidae","Cuniculus","Rumiyaco1_3318_08030082.JPG",188
45476,429,1.93773138523102,32.2425193786621,2974,72,189,25,25,25,"Rumiyaco1_3318",9,56,"24/07/2019","14/11/2019",113,45476,225.5625,53,372,700,710,"Cuniculus paca","Guagua","5/08/2019","22:17:00",1,"Mammalia","Rodentia","Cuniculidae","Cuniculus","Rumiyaco1_3318_08050154.JPG",189
45476,429,1.93773138523102,32.2425193786621,2974,72,190,25,25,25,"Rumiyaco1_3318",9,56,"24/07/2019","14/11/2019",113,45476,225.5625,53,372,701,711,"Cuniculus paca","Guagua","6/08/2019","21:27:00",1,"Mammalia","Rodentia","Cuniculidae","Cuniculus","Rumiyaco1_3318_08060180.JPG",190
45476,429,1.93773138523102,32.2425193786621,2974,72,191,25,25,25,"Rumiyaco1_3318",9,56,"24/07/2019","14/11/2019",113,45476,225.5625,53,372,704,714,"Cuniculus paca","Guagua","15/08/2019","21:05:00",1,"Mammalia","Rodentia","Cuniculidae","Cuniculus","Rumiyaco1_3318_08150196.JPG",191
45476,429,1.93773138523102,32.2425193786621,2974,72,192,25,25,25,"Rumiyaco1_3318",9,56,"24/07/2019","14/11/2019",113,45476,225.5625,53,372,707,717,"Cuniculus paca","Guagua","19/08/2019","23:32:00",1,"Mammalia","Rodentia","Cuniculidae","Cuniculus","Rumiyaco1_3318_08190217.JPG",192
45476,429,1.93773138523102,32.2425193786621,2974,72,193,25,25,25,"Rumiyaco1_3318",9,56,"24/07/2019","14/11/2019",113,45476,225.5625,53,372,708,718,"Cuniculus paca","Guagua","21/08/2019","00:48:00",1,"Mammalia","Rodentia","Cuniculidae","Cuniculus","Rumiyaco1_3318_08210228.JPG",193
45476,429,1.93773138523102,32.2425193786621,2974,72,194,25,25,25,"Rumiyaco1_3318",9,56,"24/07/2019","14/11/2019",113,45476,225.5625,53,372,709,719,"Cuniculus paca","Guagua","23/08/2019","19:13:00",1,"Mammalia","Rodentia","Cuniculidae","Cuniculus","Rumiyaco1_3318_08230235.JPG",194
45476,429,1.93773138523102,32.2425193786621,2974,72,195,25,25,25,"Rumiyaco1_3318",9,56,"24/07/2019","14/11/2019",113,45476,225.5625,53,372,710,720,"Cuniculus paca","Guagua","24/08/2019","00:01:00",1,"Mammalia","Rodentia","Cuniculidae","Cuniculus","Rumiyaco1_3318_08240241.JPG",195
45476,429,1.93773138523102,32.2425193786621,2974,72,196,25,25,25,"Rumiyaco1_3318",9,56,"24/07/2019","14/11/2019",113,45476,225.5625,53,372,711,721,"Cuniculus paca","Guagua","25/08/2019","20:54:00",1,"Mammalia","Rodentia","Cuniculidae","Cuniculus","Rumiyaco1_3318_08250244.JPG",196
45476,429,1.93773138523102,32.2425193786621,2974,72,197,25,25,25,"Rumiyaco1_3318",9,56,"24/07/2019","14/11/2019",113,45476,225.5625,53,372,712,722,"Cuniculus paca","Guagua","25/08/2019","23:03:00",1,"Mammalia","Rodentia","Cuniculidae","Cuniculus","Rumiyaco1_3318_08250250.JPG",197
45476,429,1.93773138523102,32.2425193786621,2974,72,198,25,25,25,"Rumiyaco1_3318",9,56,"24/07/2019","14/11/2019",113,45476,225.5625,53,372,713,723,"Cuniculus paca","Guagua","27/08/2019","20:18:00",1,"Mammalia","Rodentia","Cuniculidae","Cuniculus","Rumiyaco1_3318_08270255.JPG",198
45476,429,1.93773138523102,32.2425193786621,2974,72,199,25,25,25,"Rumiyaco1_3318",9,56,"24/07/2019","14/11/2019",113,45476,225.5625,53,372,717,727,"Cuniculus paca","Guagua","29/08/2019","22:18:00",1,"Mammalia","Rodentia","Cuniculidae","Cuniculus","Rumiyaco1_3318_08290282.JPG",199
45476,429,1.93773138523102,32.2425193786621,2974,72,200,25,25,25,"Rumiyaco1_3318",9,56,"24/07/2019","14/11/2019",113,45476,225.5625,53,372,719,729,"Cuniculus paca","Guagua","4/09/2019","00:28:00",1,"Mammalia","Rodentia","Cuniculidae","Cuniculus","Rumiyaco1_3318_09040301.JPG",200
45476,429,1.93773138523102,32.2425193786621,2974,72,201,25,25,25,"Rumiyaco1_3318",9,56,"24/07/2019","14/11/2019",113,45476,225.5625,53,372,722,732,"Cuniculus paca","Guagua","5/09/2019","20:42:00",1,"Mammalia","Rodentia","Cuniculidae","Cuniculus","Rumiyaco1_3318_09050313.JPG",201
45859,412,1.91107273101807,17.1428604125977,2974,72,202,26,26,26,"Rumiyaco1_3320",7,60,"24/07/2019","14/11/2019",113,45859,224.3125,11,197,NA,NA,NA,NA,NA,NA,NA,NA,NA,NA,NA,NA,202
45857,366.5,4.59140682220459,42.3931350708008,2977,72,203,27,27,27,"Rumiyaco1_3322",5,23,"25/07/2019","14/11/2019",112,45857,223.9375,58,48,NA,NA,NA,NA,NA,NA,NA,NA,NA,NA,NA,NA,203
45095,442.5,1.38441967964172,29.1386394500732,2973,71,204,28,28,28,"Rumiyaco1_3325",10,42,"23/07/2019","13/11/2019",113,45095,247.25,27,474,749,759,"Cuniculus paca","Guagua","12/08/2019","15:43:00",1,"Mammalia","Rodentia","Cuniculidae","Cuniculus","Rumiyaco1_3325_01210132.JPG",204
45095,442.5,1.38441967964172,29.1386394500732,2973,71,205,28,28,28,"Rumiyaco1_3325",10,42,"23/07/2019","13/11/2019",113,45095,247.25,27,474,751,761,"Cuniculus paca","Guagua","22/08/2019","12:03:00",1,"Mammalia","Rodentia","Cuniculidae","Cuniculus","Rumiyaco1_3325_01310138.JPG",205
45095,442.5,1.38441967964172,29.1386394500732,2973,71,206,28,28,28,"Rumiyaco1_3325",10,42,"23/07/2019","13/11/2019",113,45095,247.25,27,474,754,764,"Cuniculus paca","Guagua","29/08/2019","15:42:00",1,"Mammalia","Rodentia","Cuniculidae","Cuniculus","Rumiyaco1_3325_02070157.JPG",206
45095,442.5,1.38441967964172,29.1386394500732,2973,71,207,28,28,28,"Rumiyaco1_3325",10,42,"23/07/2019","13/11/2019",113,45095,247.25,27,474,756,766,"Cuniculus paca","Guagua","6/09/2019","16:40:00",1,"Mammalia","Rodentia","Cuniculidae","Cuniculus","Rumiyaco1_3325_02150168.JPG",207
45477,428,1.37861216068268,22.4206943511963,2974,71,208,29,29,29,"Rumiyaco1_3335",9,87,"23/07/2019","13/11/2019",113,45477,225.5625,12,346,758,768,"Cuniculus paca","Guagua","27/07/2019","19:46:00",1,"Mammalia","Rodentia","Cuniculidae","Cuniculus","Rumiyaco1_3335_07270009.JPG",208
45477,428,1.37861216068268,22.4206943511963,2974,71,209,29,29,29,"Rumiyaco1_3335",9,87,"23/07/2019","13/11/2019",113,45477,225.5625,12,346,762,772,"Cuniculus paca","Guagua","30/07/2019","19:49:00",1,"Mammalia","Rodentia","Cuniculidae","Cuniculus","Rumiyaco1_3335_07300033.JPG",209
45477,428,1.37861216068268,22.4206943511963,2974,71,210,29,29,29,"Rumiyaco1_3335",9,87,"23/07/2019","13/11/2019",113,45477,225.5625,12,346,775,785,"Cuniculus paca","Guagua","23/08/2019","22:34:00",1,"Mammalia","Rodentia","Cuniculidae","Cuniculus","Rumiyaco1_3335_08230243.JPG",210
45477,428,1.37861216068268,22.4206943511963,2974,71,211,29,29,29,"Rumiyaco1_3335",9,87,"23/07/2019","13/11/2019",113,45477,225.5625,12,346,777,787,"Cuniculus paca","Guagua","25/08/2019","23:08:00",1,"Mammalia","Rodentia","Cuniculidae","Cuniculus","Rumiyaco1_3335_08250249.JPG",211
45477,428,1.37861216068268,22.4206943511963,2974,71,212,29,29,29,"Rumiyaco1_3335",9,87,"23/07/2019","13/11/2019",113,45477,225.5625,12,346,779,789,"Cuniculus paca","Guagua","29/08/2019","00:12:00",1,"Mammalia","Rodentia","Cuniculidae","Cuniculus","Rumiyaco1_3335_08290257.JPG",212
45477,428,1.37861216068268,22.4206943511963,2974,71,213,29,29,29,"Rumiyaco1_3335",9,87,"23/07/2019","13/11/2019",113,45477,225.5625,12,346,781,791,"Cuniculus paca","Guagua","30/08/2019","20:02:00",1,"Mammalia","Rodentia","Cuniculidae","Cuniculus","Rumiyaco1_3335_08300269.JPG",213
45477,428,1.37861216068268,22.4206943511963,2974,71,214,29,29,29,"Rumiyaco1_3335",9,87,"23/07/2019","13/11/2019",113,45477,225.5625,12,346,785,795,"Cuniculus paca","Guagua","5/09/2019","23:52:00",1,"Mammalia","Rodentia","Cuniculidae","Cuniculus","Rumiyaco1_3335_09050297.JPG",214
45477,428,1.37861216068268,22.4206943511963,2974,71,215,29,29,29,"Rumiyaco1_3335",9,87,"23/07/2019","13/11/2019",113,45477,225.5625,12,346,786,796,"Cuniculus paca","Guagua","6/09/2019","23:18:00",1,"Mammalia","Rodentia","Cuniculidae","Cuniculus","Rumiyaco1_3335_09060303.JPG",215
44712,413.5,3.7644636631012,23.9162521362305,2975,71,216,30,30,30,"Rumiyaco2_2164",6,32,"23/07/2019","14/11/2019",114,44712,254.875,23,128,788,798,"Cuniculus paca","Guagua","31/07/2019","21:03:00",1,"Mammalia","Rodentia","Cuniculidae","Cuniculus","Rumiyaco2_2164_07310013.JPG",216
44712,413.5,3.7644636631012,23.9162521362305,2975,71,217,30,30,30,"Rumiyaco2_2164",6,32,"23/07/2019","14/11/2019",114,44712,254.875,23,128,789,799,"Cuniculus paca","Guagua","3/08/2019","03:22:00",1,"Mammalia","Rodentia","Cuniculidae","Cuniculus","Rumiyaco2_2164_08030016.JPG",217
44712,413.5,3.7644636631012,23.9162521362305,2975,71,218,30,30,30,"Rumiyaco2_2164",6,32,"23/07/2019","14/11/2019",114,44712,254.875,23,128,790,800,"Cuniculus paca","Guagua","5/08/2019","22:30:00",1,"Mammalia","Rodentia","Cuniculidae","Cuniculus","Rumiyaco2_2164_08050019.JPG",218
44712,413.5,3.7644636631012,23.9162521362305,2975,71,219,30,30,30,"Rumiyaco2_2164",6,32,"23/07/2019","14/11/2019",114,44712,254.875,23,128,791,801,"Cuniculus paca","Guagua","8/08/2019","03:42:00",1,"Mammalia","Rodentia","Cuniculidae","Cuniculus","Rumiyaco2_2164_08080028.JPG",219
44712,413.5,3.7644636631012,23.9162521362305,2975,71,220,30,30,30,"Rumiyaco2_2164",6,32,"23/07/2019","14/11/2019",114,44712,254.875,23,128,793,803,"Cuniculus paca","Guagua","12/08/2019","02:15:00",1,"Mammalia","Rodentia","Cuniculidae","Cuniculus","Rumiyaco2_2164_08120036.JPG",220
44712,413.5,3.7644636631012,23.9162521362305,2975,71,221,30,30,30,"Rumiyaco2_2164",6,32,"23/07/2019","14/11/2019",114,44712,254.875,23,128,794,804,"Cuniculus paca","Guagua","15/08/2019","00:57:00",1,"Mammalia","Rodentia","Cuniculidae","Cuniculus","Rumiyaco2_2164_08150037.JPG",221
44712,413.5,3.7644636631012,23.9162521362305,2975,71,222,30,30,30,"Rumiyaco2_2164",6,32,"23/07/2019","14/11/2019",114,44712,254.875,23,128,795,805,"Cuniculus paca","Guagua","15/08/2019","23:37:00",1,"Mammalia","Rodentia","Cuniculidae","Cuniculus","Rumiyaco2_2164_08150045.JPG",222
44712,413.5,3.7644636631012,23.9162521362305,2975,71,223,30,30,30,"Rumiyaco2_2164",6,32,"23/07/2019","14/11/2019",114,44712,254.875,23,128,796,806,"Cuniculus paca","Guagua","16/08/2019","00:49:00",1,"Mammalia","Rodentia","Cuniculidae","Cuniculus","Rumiyaco2_2164_08160046.JPG",223
45474,356,1.5982518196106,22.8173332214355,2979,71,224,31,31,31,"Rumiyaco2_2171",4,5,"22/07/2019","14/11/2019",115,45474,226.5625,48,120,803,813,"Cuniculus paca","Guagua","30/07/2019","15:20:00",1,"Mammalia","Rodentia","Cuniculidae","Cuniculus","Rumiyaco2_2171_01090007.JPG",224
45094,397,5.41818284988403,18.2667560577393,2975,71,225,32,32,32,"Rumiyaco2_2173",9,93,"22/07/2019","14/11/2019",115,45094,247.25,74,326,806,816,"Cuniculus paca","Guagua","24/07/2019","02:29:00",1,"Mammalia","Rodentia","Cuniculidae","Cuniculus","Rumiyaco2_2173_07240004.JPG",225
45094,397,5.41818284988403,18.2667560577393,2975,71,226,32,32,32,"Rumiyaco2_2173",9,93,"22/07/2019","14/11/2019",115,45094,247.25,74,326,815,825,"Cuniculus paca","Guagua","29/07/2019","03:44:00",1,"Mammalia","Rodentia","Cuniculidae","Cuniculus","Rumiyaco2_2173_07290079.JPG",226
45094,397,5.41818284988403,18.2667560577393,2975,71,227,32,32,32,"Rumiyaco2_2173",9,93,"22/07/2019","14/11/2019",115,45094,247.25,74,326,818,828,"Cuniculus paca","Guagua","1/08/2019","01:07:00",1,"Mammalia","Rodentia","Cuniculidae","Cuniculus","Rumiyaco2_2173_08010121.JPG",227
45094,397,5.41818284988403,18.2667560577393,2975,71,228,32,32,32,"Rumiyaco2_2173",9,93,"22/07/2019","14/11/2019",115,45094,247.25,74,326,819,829,"Cuniculus paca","Guagua","2/08/2019","00:23:00",1,"Mammalia","Rodentia","Cuniculidae","Cuniculus","Rumiyaco2_2173_08020124.JPG",228
45094,397,5.41818284988403,18.2667560577393,2975,71,229,32,32,32,"Rumiyaco2_2173",9,93,"22/07/2019","14/11/2019",115,45094,247.25,74,326,822,832,"Cuniculus paca","Guagua","2/08/2019","20:05:00",1,"Mammalia","Rodentia","Cuniculidae","Cuniculus","Rumiyaco2_2173_08020141.JPG",229
45094,397,5.41818284988403,18.2667560577393,2975,71,230,32,32,32,"Rumiyaco2_2173",9,93,"22/07/2019","14/11/2019",115,45094,247.25,74,326,823,833,"Cuniculus paca","Guagua","3/08/2019","02:49:00",1,"Mammalia","Rodentia","Cuniculidae","Cuniculus","Rumiyaco2_2173_08030142.JPG",230
45094,397,5.41818284988403,18.2667560577393,2975,71,231,32,32,32,"Rumiyaco2_2173",9,93,"22/07/2019","14/11/2019",115,45094,247.25,74,326,827,837,"Cuniculus paca","Guagua","5/08/2019","19:09:00",1,"Mammalia","Rodentia","Cuniculidae","Cuniculus","Rumiyaco2_2173_08050190.JPG",231
45094,397,5.41818284988403,18.2667560577393,2975,71,232,32,32,32,"Rumiyaco2_2173",9,93,"22/07/2019","14/11/2019",115,45094,247.25,74,326,828,838,"Cuniculus paca","Guagua","6/08/2019","04:15:00",1,"Mammalia","Rodentia","Cuniculidae","Cuniculus","Rumiyaco2_2173_08060193.JPG",232
45094,397,5.41818284988403,18.2667560577393,2975,71,233,32,32,32,"Rumiyaco2_2173",9,93,"22/07/2019","14/11/2019",115,45094,247.25,74,326,830,840,"Cuniculus paca","Guagua","8/08/2019","02:07:00",1,"Mammalia","Rodentia","Cuniculidae","Cuniculus","Rumiyaco2_2173_08080208.JPG",233
45094,397,5.41818284988403,18.2667560577393,2975,71,234,32,32,32,"Rumiyaco2_2173",9,93,"22/07/2019","14/11/2019",115,45094,247.25,74,326,831,841,"Cuniculus paca","Guagua","9/08/2019","03:26:00",1,"Mammalia","Rodentia","Cuniculidae","Cuniculus","Rumiyaco2_2173_08090214.JPG",234
45094,397,5.41818284988403,18.2667560577393,2975,71,235,32,32,32,"Rumiyaco2_2173",9,93,"22/07/2019","14/11/2019",115,45094,247.25,74,326,832,842,"Cuniculus paca","Guagua","12/08/2019","02:39:00",1,"Mammalia","Rodentia","Cuniculidae","Cuniculus","Rumiyaco2_2173_08120229.JPG",235
45094,397,5.41818284988403,18.2667560577393,2975,71,236,32,32,32,"Rumiyaco2_2173",9,93,"22/07/2019","14/11/2019",115,45094,247.25,74,326,835,845,"Cuniculus paca","Guagua","12/08/2019","23:48:00",1,"Mammalia","Rodentia","Cuniculidae","Cuniculus","Rumiyaco2_2173_08120255.JPG",236
45094,397,5.41818284988403,18.2667560577393,2975,71,237,32,32,32,"Rumiyaco2_2173",9,93,"22/07/2019","14/11/2019",115,45094,247.25,74,326,836,846,"Cuniculus paca","Guagua","13/08/2019","04:50:00",1,"Mammalia","Rodentia","Cuniculidae","Cuniculus","Rumiyaco2_2173_08130256.JPG",237
45094,397,5.41818284988403,18.2667560577393,2975,71,238,32,32,32,"Rumiyaco2_2173",9,93,"22/07/2019","14/11/2019",115,45094,247.25,74,326,837,847,"Cuniculus paca","Guagua","14/08/2019","04:33:00",1,"Mammalia","Rodentia","Cuniculidae","Cuniculus","Rumiyaco2_2173_08140259.JPG",238
45094,397,5.41818284988403,18.2667560577393,2975,71,239,32,32,32,"Rumiyaco2_2173",9,93,"22/07/2019","14/11/2019",115,45094,247.25,74,326,840,850,"Cuniculus paca","Guagua","17/08/2019","20:31:00",1,"Mammalia","Rodentia","Cuniculidae","Cuniculus","Rumiyaco2_2173_08170277.JPG",239
45094,397,5.41818284988403,18.2667560577393,2975,71,240,32,32,32,"Rumiyaco2_2173",9,93,"22/07/2019","14/11/2019",115,45094,247.25,74,326,842,852,"Cuniculus paca","Guagua","20/08/2019","03:08:00",1,"Mammalia","Rodentia","Cuniculidae","Cuniculus","Rumiyaco2_2173_08200289.JPG",240
45094,397,5.41818284988403,18.2667560577393,2975,71,241,32,32,32,"Rumiyaco2_2173",9,93,"22/07/2019","14/11/2019",115,45094,247.25,74,326,843,853,"Cuniculus paca","Guagua","20/08/2019","04:57:00",1,"Mammalia","Rodentia","Cuniculidae","Cuniculus","Rumiyaco2_2173_08200294.JPG",241
45094,397,5.41818284988403,18.2667560577393,2975,71,242,32,32,32,"Rumiyaco2_2173",9,93,"22/07/2019","14/11/2019",115,45094,247.25,74,326,844,854,"Cuniculus paca","Guagua","22/08/2019","19:29:00",1,"Mammalia","Rodentia","Cuniculidae","Cuniculus","Rumiyaco2_2173_08220301.JPG",242
45094,397,5.41818284988403,18.2667560577393,2975,71,243,32,32,32,"Rumiyaco2_2173",9,93,"22/07/2019","14/11/2019",115,45094,247.25,74,326,845,855,"Cuniculus paca","Guagua","23/08/2019","02:57:00",1,"Mammalia","Rodentia","Cuniculidae","Cuniculus","Rumiyaco2_2173_08230304.JPG",243
45094,397,5.41818284988403,18.2667560577393,2975,71,244,32,32,32,"Rumiyaco2_2173",9,93,"22/07/2019","14/11/2019",115,45094,247.25,74,326,846,856,"Cuniculus paca","Guagua","23/08/2019","19:57:00",1,"Mammalia","Rodentia","Cuniculidae","Cuniculus","Rumiyaco2_2173_08230325.JPG",244
45094,397,5.41818284988403,18.2667560577393,2975,71,245,32,32,32,"Rumiyaco2_2173",9,93,"22/07/2019","14/11/2019",115,45094,247.25,74,326,851,861,"Cuniculus paca","Guagua","5/09/2019","03:34:00",1,"Mammalia","Rodentia","Cuniculidae","Cuniculus","Rumiyaco2_2173_09050369.JPG",245
45094,397,5.41818284988403,18.2667560577393,2975,71,246,32,32,32,"Rumiyaco2_2173",9,93,"22/07/2019","14/11/2019",115,45094,247.25,74,326,852,862,"Cuniculus paca","Guagua","7/09/2019","04:56:00",1,"Mammalia","Rodentia","Cuniculidae","Cuniculus","Rumiyaco2_2173_09070370.JPG",246
45093,424.5,2.0373010635376,40.7560768127441,2975,71,247,33,33,33,"Rumiyaco2_2175",9,52,"22/07/2019","14/11/2019",115,45093,239.1875,60,427,857,867,"Cuniculus paca","Guagua","28/07/2019","15:20:00",1,"Mammalia","Rodentia","Cuniculidae","Cuniculus","Rumiyaco2_2175_01030017.JPG",247
45093,424.5,2.0373010635376,40.7560768127441,2975,71,248,33,33,33,"Rumiyaco2_2175",9,52,"22/07/2019","14/11/2019",115,45093,239.1875,60,427,858,868,"Cuniculus paca","Guagua","28/07/2019","10:39:00",1,"Mammalia","Rodentia","Cuniculidae","Cuniculus","Rumiyaco2_2175_01060019.JPG",248
45093,424.5,2.0373010635376,40.7560768127441,2975,71,249,33,33,33,"Rumiyaco2_2175",9,52,"22/07/2019","14/11/2019",115,45093,239.1875,60,427,860,870,"Cuniculus paca","Guagua","5/08/2019","10:21:00",1,"Mammalia","Rodentia","Cuniculidae","Cuniculus","Rumiyaco2_2175_01130033.JPG",249
45093,424.5,2.0373010635376,40.7560768127441,2975,71,250,33,33,33,"Rumiyaco2_2175",9,52,"22/07/2019","14/11/2019",115,45093,239.1875,60,427,861,871,"Cuniculus paca","Guagua","5/08/2019","16:47:00",1,"Mammalia","Rodentia","Cuniculidae","Cuniculus","Rumiyaco2_2175_01130037.JPG",250
45093,424.5,2.0373010635376,40.7560768127441,2975,71,251,33,33,33,"Rumiyaco2_2175",9,52,"22/07/2019","14/11/2019",115,45093,239.1875,60,427,863,873,"Cuniculus paca","Guagua","7/08/2019","08:12:00",1,"Mammalia","Rodentia","Cuniculidae","Cuniculus","Rumiyaco2_2175_01150043.JPG",251
45093,424.5,2.0373010635376,40.7560768127441,2975,71,252,33,33,33,"Rumiyaco2_2175",9,52,"22/07/2019","14/11/2019",115,45093,239.1875,60,427,865,875,"Cuniculus paca","Guagua","13/08/2019","17:54:00",1,"Mammalia","Rodentia","Cuniculidae","Cuniculus","Rumiyaco2_2175_01210049.JPG",252
45093,424.5,2.0373010635376,40.7560768127441,2975,71,253,33,33,33,"Rumiyaco2_2175",9,52,"22/07/2019","14/11/2019",115,45093,239.1875,60,427,866,876,"Cuniculus paca","Guagua","16/08/2019","10:35:00",1,"Mammalia","Rodentia","Cuniculidae","Cuniculus","Rumiyaco2_2175_01240055.JPG",253
45093,424.5,2.0373010635376,40.7560768127441,2975,71,254,33,33,33,"Rumiyaco2_2175",9,52,"22/07/2019","14/11/2019",115,45093,239.1875,60,427,867,877,"Cuniculus paca","Guagua","18/08/2019","07:58:00",1,"Mammalia","Rodentia","Cuniculidae","Cuniculus","Rumiyaco2_2175_01260064.JPG",254
45093,424.5,2.0373010635376,40.7560768127441,2975,71,255,33,33,33,"Rumiyaco2_2175",9,52,"22/07/2019","14/11/2019",115,45093,239.1875,60,427,868,878,"Cuniculus paca","Guagua","19/08/2019","11:22:00",1,"Mammalia","Rodentia","Cuniculidae","Cuniculus","Rumiyaco2_2175_01270069.JPG",255
45093,424.5,2.0373010635376,40.7560768127441,2975,71,256,33,33,33,"Rumiyaco2_2175",9,52,"22/07/2019","14/11/2019",115,45093,239.1875,60,427,869,879,"Cuniculus paca","Guagua","21/08/2019","13:54:00",1,"Mammalia","Rodentia","Cuniculidae","Cuniculus","Rumiyaco2_2175_01290070.JPG",256
45093,424.5,2.0373010635376,40.7560768127441,2975,71,257,33,33,33,"Rumiyaco2_2175",9,52,"22/07/2019","14/11/2019",115,45093,239.1875,60,427,870,880,"Cuniculus paca","Guagua","22/08/2019","08:35:00",1,"Mammalia","Rodentia","Cuniculidae","Cuniculus","Rumiyaco2_2175_01300081.JPG",257
45093,424.5,2.0373010635376,40.7560768127441,2975,71,258,33,33,33,"Rumiyaco2_2175",9,52,"22/07/2019","14/11/2019",115,45093,239.1875,60,427,871,881,"Cuniculus paca","Guagua","23/08/2019","08:02:00",1,"Mammalia","Rodentia","Cuniculidae","Cuniculus","Rumiyaco2_2175_02010082.JPG",258
45093,424.5,2.0373010635376,40.7560768127441,2975,71,259,33,33,33,"Rumiyaco2_2175",9,52,"22/07/2019","14/11/2019",115,45093,239.1875,60,427,872,882,"Cuniculus paca","Guagua","27/08/2019","11:05:00",1,"Mammalia","Rodentia","Cuniculidae","Cuniculus","Rumiyaco2_2175_02050097.JPG",259
45093,424.5,2.0373010635376,40.7560768127441,2975,71,260,33,33,33,"Rumiyaco2_2175",9,52,"22/07/2019","14/11/2019",115,45093,239.1875,60,427,873,883,"Cuniculus paca","Guagua","30/08/2019","10:50:00",1,"Mammalia","Rodentia","Cuniculidae","Cuniculus","Rumiyaco2_2175_02080102.JPG",260
45093,424.5,2.0373010635376,40.7560768127441,2975,71,261,33,33,33,"Rumiyaco2_2175",9,52,"22/07/2019","14/11/2019",115,45093,239.1875,60,427,875,885,"Cuniculus paca","Guagua","11/08/2019","08:28:00",1,"Mammalia","Rodentia","Cuniculidae","Cuniculus","Rumiyaco2_2175_02110117.JPG",261
45093,424.5,2.0373010635376,40.7560768127441,2975,71,262,33,33,33,"Rumiyaco2_2175",9,52,"22/07/2019","14/11/2019",115,45093,239.1875,60,427,876,886,"Cuniculus paca","Guagua","12/08/2019","17:22:00",1,"Mammalia","Rodentia","Cuniculidae","Cuniculus","Rumiyaco2_2175_02120118.JPG",262
45093,424.5,2.0373010635376,40.7560768127441,2975,71,263,33,33,33,"Rumiyaco2_2175",9,52,"22/07/2019","14/11/2019",115,45093,239.1875,60,427,878,888,"Cuniculus paca","Guagua","14/08/2019","11:09:00",1,"Mammalia","Rodentia","Cuniculidae","Cuniculus","Rumiyaco2_2175_02140124.JPG",263
45093,424.5,2.0373010635376,40.7560768127441,2975,71,264,33,33,33,"Rumiyaco2_2175",9,52,"22/07/2019","14/11/2019",115,45093,239.1875,60,427,880,890,"Cuniculus paca","Guagua","14/08/2019","16:14:00",1,"Mammalia","Rodentia","Cuniculidae","Cuniculus","Rumiyaco2_2175_02140130.JPG",264
45093,424.5,2.0373010635376,40.7560768127441,2975,71,265,33,33,33,"Rumiyaco2_2175",9,52,"22/07/2019","14/11/2019",115,45093,239.1875,60,427,881,891,"Cuniculus paca","Guagua","14/08/2019","16:40:00",1,"Mammalia","Rodentia","Cuniculidae","Cuniculus","Rumiyaco2_2175_02170141.JPG",265
45475,385.5,4.20779705047607,45.0548210144043,2977,71,266,34,34,34,"Rumiyaco2_3329",6,21,"22/07/2019","14/11/2019",115,45475,224.8125,5,428,885,895,"Cuniculus paca","Guagua","19/08/2019","23:30:00",1,"Mammalia","Rodentia","Cuniculidae","Cuniculus","Rumiyaco2_3329_08190035.JPG",266
44711,428,1.2005181312561,59.0159530639648,2975,71,267,35,35,35,"Rumiyaco2_3334",5,27,"23/07/2019","14/11/2019",114,44711,255.5,53,173,NA,NA,NA,NA,NA,NA,NA,NA,NA,NA,NA,NA,267
37069,984,11.8274631500244,17.1428604125977,2945,68,268,36,36,36,"Venado1_2161",7,19,"30/07/2019","21/11/2019",114,37069,266.0625,24,116,NA,NA,NA,NA,NA,NA,NA,NA,NA,NA,NA,NA,268
37070,928,15.3087501525879,28.7554912567139,2948,68,269,37,37,37,"Venado1_2167",3,6,"30/07/2019","13/09/2019",45,37070,266.0625,81,94,NA,NA,NA,NA,NA,NA,NA,NA,NA,NA,NA,NA,269
36306,698.5,7.84953022003174,49.5907135009766,2963,68,270,38,38,38,"Venado1_2177",5,11,"02/08/2019","18/11/2019",108,36306,274.5625,13,201,NA,NA,NA,NA,NA,NA,NA,NA,NA,NA,NA,NA,270
36305,711.5,8.67271423339844,31.6184978485107,2962,68,271,39,39,39,"Venado1_3330",5,20,"01/08/2019","15/09/2019",45,36305,274.5625,93,449,1281,1295,"Cuniculus paca","Guagua","31/07/2019","20:30:00",1,"Mammalia","Rodentia","Cuniculidae","Cuniculus","Venado1_3330_07310008.JPG",271
36305,711.5,8.67271423339844,31.6184978485107,2962,68,272,39,39,39,"Venado1_3330",5,20,"01/08/2019","15/09/2019",45,36305,274.5625,93,449,1286,1300,"Cuniculus paca","Guagua","6/08/2019","20:22:00",1,"Mammalia","Rodentia","Cuniculidae","Cuniculus","Venado1_3330_08060034.JPG",272
37071,921,15.4901828765869,34.2857208251953,2949,68,273,40,40,40,"Venado1_3332",1,1,"30/07/2019","18/09/2019",50,37071,269.5625,44,402,NA,NA,NA,NA,NA,NA,NA,NA,NA,NA,NA,NA,273
36691,642.5,7.39776563644409,40.251781463623,2965,68,274,41,41,41,"Venado1_3337",7,24,"01/08/2019","19/11/2019",110,36691,279.3125,6,218,1300,1314,"Cuniculus paca","Guagua","4/08/2019","20:15:00",1,"Mammalia","Rodentia","Cuniculidae","Cuniculus","Venado1_3337_08040024.JPG",274
36691,642.5,7.39776563644409,40.251781463623,2965,68,275,41,41,41,"Venado1_3337",7,24,"01/08/2019","19/11/2019",110,36691,279.3125,6,218,1301,1315,"Cuniculus paca","Guagua","8/08/2019","03:54:00",1,"Mammalia","Rodentia","Cuniculidae","Cuniculus","Venado1_3337_08080030.JPG",275
36691,642.5,7.39776563644409,40.251781463623,2965,68,276,41,41,41,"Venado1_3337",7,24,"01/08/2019","19/11/2019",110,36691,279.3125,6,218,1304,1318,"Cuniculus paca","Guagua","12/08/2019","05:31:00",1,"Mammalia","Rodentia","Cuniculidae","Cuniculus","Venado1_3337_08120039.JPG",276
36691,642.5,7.39776563644409,40.251781463623,2965,68,277,41,41,41,"Venado1_3337",7,24,"01/08/2019","19/11/2019",110,36691,279.3125,6,218,1306,1320,"Cuniculus paca","Guagua","18/08/2019","01:48:00",1,"Mammalia","Rodentia","Cuniculidae","Cuniculus","Venado1_3337_08180060.JPG",277
36691,642.5,7.39776563644409,40.251781463623,2965,68,278,41,41,41,"Venado1_3337",7,24,"01/08/2019","19/11/2019",110,36691,279.3125,6,218,1308,1322,"Cuniculus paca","Guagua","25/08/2019","03:14:00",1,"Mammalia","Rodentia","Cuniculidae","Cuniculus","Venado1_3337_08250066.JPG",278
36691,642.5,7.39776563644409,40.251781463623,2965,68,279,41,41,41,"Venado1_3337",7,24,"01/08/2019","19/11/2019",110,36691,279.3125,6,218,1309,1323,"Cuniculus paca","Guagua","27/08/2019","03:46:00",1,"Mammalia","Rodentia","Cuniculidae","Cuniculus","Venado1_3337_08270069.JPG",279
36691,642.5,7.39776563644409,40.251781463623,2965,68,280,41,41,41,"Venado1_3337",7,24,"01/08/2019","19/11/2019",110,36691,279.3125,6,218,1310,1324,"Cuniculus paca","Guagua","29/08/2019","19:15:00",1,"Mammalia","Rodentia","Cuniculidae","Cuniculus","Venado1_3337_08290078.JPG",280
36691,642.5,7.39776563644409,40.251781463623,2965,68,281,41,41,41,"Venado1_3337",7,24,"01/08/2019","19/11/2019",110,36691,279.3125,6,218,1312,1326,"Cuniculus paca","Guagua","4/09/2019","04:02:00",1,"Mammalia","Rodentia","Cuniculidae","Cuniculus","Venado1_3337_09040102.JPG",281
36691,642.5,7.39776563644409,40.251781463623,2965,68,282,41,41,41,"Venado1_3337",7,24,"01/08/2019","19/11/2019",110,36691,279.3125,6,218,1313,1327,"Cuniculus paca","Guagua","4/09/2019","19:13:00",1,"Mammalia","Rodentia","Cuniculidae","Cuniculus","Venado1_3337_09040105.JPG",282
36691,642.5,7.39776563644409,40.251781463623,2965,68,283,41,41,41,"Venado1_3337",7,24,"01/08/2019","19/11/2019",110,36691,279.3125,6,218,1314,1328,"Cuniculus paca","Guagua","5/09/2019","23:21:00",1,"Mammalia","Rodentia","Cuniculidae","Cuniculus","Venado1_3337_09050108.JPG",283
37066,918.5,11.9723243713379,11.4285736083984,2950,68,284,42,42,42,"Venado2_2158",2,2,"28/07/2019","18/11/2019",113,37066,269.5,39,180,NA,NA,NA,NA,NA,NA,NA,NA,NA,NA,NA,NA,284
36304,757.5,7.92892837524414,24.5211277008057,2960,68,285,43,43,43,"Venado2_2159",8,75,"29/07/2019","18/11/2019",112,36304,280.4375,75,205,1318,1332,"Cuniculus paca","Guagua","6/08/2019","23:13:00",1,"Mammalia","Rodentia","Cuniculidae","Cuniculus","Venado2_2159_08060043.JPG",285
36304,757.5,7.92892837524414,24.5211277008057,2960,68,286,43,43,43,"Venado2_2159",8,75,"29/07/2019","18/11/2019",112,36304,280.4375,75,205,1321,1335,"Cuniculus paca","Guagua","11/08/2019","01:40:00",1,"Mammalia","Rodentia","Cuniculidae","Cuniculus","Venado2_2159_08110058.JPG",286
36304,757.5,7.92892837524414,24.5211277008057,2960,68,287,43,43,43,"Venado2_2159",8,75,"29/07/2019","18/11/2019",112,36304,280.4375,75,205,1322,1336,"Cuniculus paca","Guagua","11/08/2019","05:01:00",1,"Mammalia","Rodentia","Cuniculidae","Cuniculus","Venado2_2159_08110061.JPG",287
36304,757.5,7.92892837524414,24.5211277008057,2960,68,288,43,43,43,"Venado2_2159",8,75,"29/07/2019","18/11/2019",112,36304,280.4375,75,205,1324,1338,"Cuniculus paca","Guagua","13/08/2019","05:24:00",1,"Mammalia","Rodentia","Cuniculidae","Cuniculus","Venado2_2159_08130070.JPG",288
36304,757.5,7.92892837524414,24.5211277008057,2960,68,289,43,43,43,"Venado2_2159",8,75,"29/07/2019","18/11/2019",112,36304,280.4375,75,205,1326,1340,"Cuniculus paca","Guagua","17/08/2019","19:09:00",1,"Mammalia","Rodentia","Cuniculidae","Cuniculus","Venado2_2159_08170091.JPG",289
36304,757.5,7.92892837524414,24.5211277008057,2960,68,290,43,43,43,"Venado2_2159",8,75,"29/07/2019","18/11/2019",112,36304,280.4375,75,205,1329,1343,"Cuniculus paca","Guagua","24/08/2019","03:21:00",1,"Mammalia","Rodentia","Cuniculidae","Cuniculus","Venado2_2159_08240112.JPG",290
36304,757.5,7.92892837524414,24.5211277008057,2960,68,291,43,43,43,"Venado2_2159",8,75,"29/07/2019","18/11/2019",112,36304,280.4375,75,205,1331,1345,"Cuniculus paca","Guagua","27/08/2019","02:53:00",1,"Mammalia","Rodentia","Cuniculidae","Cuniculus","Venado2_2159_08270136.JPG",291
36304,757.5,7.92892837524414,24.5211277008057,2960,68,292,43,43,43,"Venado2_2159",8,75,"29/07/2019","18/11/2019",112,36304,280.4375,75,205,1332,1346,"Cuniculus paca","Guagua","28/08/2019","03:43:00",1,"Mammalia","Rodentia","Cuniculidae","Cuniculus","Venado2_2159_08280145.JPG",292
36304,757.5,7.92892837524414,24.5211277008057,2960,68,293,43,43,43,"Venado2_2159",8,75,"29/07/2019","18/11/2019",112,36304,280.4375,75,205,1333,1347,"Cuniculus paca","Guagua","29/08/2019","19:08:00",1,"Mammalia","Rodentia","Cuniculidae","Cuniculus","Venado2_2159_08290151.JPG",293
36304,757.5,7.92892837524414,24.5211277008057,2960,68,294,43,43,43,"Venado2_2159",8,75,"29/07/2019","18/11/2019",112,36304,280.4375,75,205,1334,1348,"Cuniculus paca","Guagua","30/08/2019","04:07:00",1,"Mammalia","Rodentia","Cuniculidae","Cuniculus","Venado2_2159_08300154.JPG",294
36304,757.5,7.92892837524414,24.5211277008057,2960,68,295,43,43,43,"Venado2_2159",8,75,"29/07/2019","18/11/2019",112,36304,280.4375,75,205,1335,1349,"Cuniculus paca","Guagua","1/09/2019","04:15:00",1,"Mammalia","Rodentia","Cuniculidae","Cuniculus","Venado2_2159_09010163.JPG",295
36302,838.5,10.4832859039307,11.4285736083984,2956,68,296,44,44,44,"Venado2_2163",4,4,"29/07/2019","14/09/2019",47,36302,359.6875,40,401,1339,1353,"Cuniculus paca","Guagua","10/08/2019","04:57:00",1,"Mammalia","Rodentia","Cuniculidae","Cuniculus","Venado2_2163_08100017.JPG",296
36686,836,8.94532299041748,17.0763378143311,2954,68,297,45,45,45,"Venado2_2168",4,12,"29/07/2019","24/11/2019",118,36686,273.375,44,362,1344,1358,"Cuniculus paca","Guagua","2/09/2019","21:35:00",1,"Mammalia","Rodentia","Cuniculidae","Cuniculus","Venado2_2168_09020028.JPG",297
37067,831,8.31094074249268,13.6936235427856,2955,68,298,46,46,46,"Venado2_3331",6,24,"28/07/2019","23/11/2019",118,37067,269.5,58,44,NA,NA,NA,NA,NA,NA,NA,NA,NA,NA,NA,NA,298
